Date;Total_steps;Floors_climbed;Calories_burned;Elevation_gained;Traveled;Sedentary;Lightly_active;Fairly_active;Very_active
 January 4, 2015; 14028;0; 2947;0; 8.42; 1015; 237; 150; 38
 January 4, 2015; 14167;0; 2961;0; 8.5; 1010; 239; 153; 38
 January 5, 2015; 14997;0; 3001;0; 9; 1028; 227; 124; 61
 January 6, 2015; 11719;0; 2738;0; 7.03; 1104; 192; 97; 47
 January 6, 2015; 11729;0; 2740;0; 7.04; 1103; 193; 97; 47
 January 7, 2015; 10792;0; 2687;0; 6.48; 1114; 199; 85; 42
 January 7, 2015; 10935;0; 2701;0; 6.57; 1108; 203; 87; 42
 January 8, 2015; 10983;0; 2687;0; 6.6; 1103; 186; 115; 36
 January 9, 2015; 10282;0; 2694;0; 6.17; 1093; 213; 97; 37
 January 10, 2015; 9764;0; 2700;0; 5.86; 1044; 271; 106; 19
 January 10, 2015; 9884;0; 2719;0; 5.93; 1035; 279; 107; 19
 January 11, 2015; 6764;0; 2389;0; 4.06; 1176; 177; 72; 15
 January 11, 2015; 7551;0; 2524;0; 4.53; 1124; 221; 80; 15
 January 12, 2015; 7044;0; 2390;0; 4.23; 1161; 182; 81; 16
 January 12, 2015; 12483;0; 2854;0; 7.49; 1033; 244; 126; 37
 January 13, 2015; 10004;0; 2620;0; 6; 1145; 168; 87; 40
 January 13, 2015; 10090;0; 2633;0; 6.05; 1139; 173; 88; 40
 January 14, 2015; 8038;0; 2458;0; 4.82; 1210; 132; 63; 35
 January 15, 2015; 7123;0; 2400;0; 4.27; 1212; 142; 61; 25
 January 16, 2015; 5158;0; 2278;0; 3.09; 1235; 142; 55; 8
 January 16, 2015; 5197;0; 2280;0; 3.12; 1234; 143; 55; 8
 January 17, 2015; 14477;0; 2873;0; 8.69; 1085; 171; 128; 56
 January 18, 2015; 10492;0; 2559;0; 6.3; 1179; 130; 86; 45
 January 18, 2015; 10518;0; 2563;0; 6.31; 1178; 131; 86; 45
 January 19, 2015; 4475;0; 2118;0; 2.69; 1308; 63; 55; 14
 January 19, 2015; 5534;0; 2272;0; 3.32; 1250; 109; 67; 14
 January 20, 2015; 7581;0; 2412;0; 4.55; 1214; 123; 79; 24
 January 21, 2015; 8895;0; 2537;0; 5.34; 1177; 150; 82; 31
 January 21, 2015; 8931;0; 2543;0; 5.36; 1174; 153; 82; 31
 January 22, 2015; 9264;0; 2551;0; 5.56; 1175; 147; 84; 34
 January 22, 2015; 9307;0; 2557;0; 5.58; 1173; 148; 85; 34
 January 23, 2015; 10068;0; 2614;0; 6.04; 1179; 148; 63; 50
 January 24, 2015; 8917;0; 2534;0; 5.35; 1161; 170; 82; 27
 January 24, 2015; 9178;0; 2561;0; 5.51; 1151; 175; 87; 27
 January 25, 2015; 12948;0; 2837;0; 7.77; 1087; 200; 102; 51
 January 26, 2015; 10706;0; 2639;0; 6.42; 1160; 139; 102; 39
 January 27, 2015; 6054;0; 2374;0; 3.63; 1213; 144; 69; 14
 January 27, 2015; 6136;0; 2383;0; 3.68; 1209; 147; 70; 14
 January 28, 2015; 10010;0; 2574;0; 6.01; 1189; 138; 66; 47
 January 29, 2015; 10713;0; 2602;0; 6.43; 1194; 114; 81; 51
 January 30, 2015; 9735;0; 2593;0; 5.84; 1190; 135; 69; 46
 January 31, 2015; 2194; 0; 2621; 0; 1.32; 1179; 131; 130; 0
 January 31, 2015; 2207; 0; 2632; 0; 1.32; 1178; 132; 130; 0
 February 1, 2015; 11188; 18; 2845; 54.86; 6.71; 648; 222; 20; 55
 February 2, 2015; 7125; 13; 2486; 39.62; 4.27; 779; 230; 11; 13
 February 3, 2015; 5565; 7; 2366; 21.34; 3.34; 782; 236; 0; 0
 February 4, 2015; 11091; 14; 2711; 42.67; 6.65; 757; 251; 22; 17
 February 4, 2015; 11109; 14; 2714; 42.67; 6.67; 756; 252; 22; 17
 February 5, 2015; 12785; 17; 2787; 51.82; 7.67; 736; 256; 44; 13
 February 6, 2015; 8794; 12; 2896; 36.58; 5.28; 811; 191; 11; 14
 February 7, 2015; 11360; 4; 2865; 12.19; 6.82; 624; 379; 6; 11
 February 8, 2015; 17201; 4; 3228; 12.19; 10.32; 597; 401; 19; 58
 February 8, 2015; 17251; 4; 3234; 12.19; 10.35; 595; 403; 19; 58
 February 9, 2015; 13106; 31; 2882; 94.49; 7.86; 549; 288; 18; 42
 February 10, 2015; 12607; 30; 2923; 91.44; 7.56; 594; 321; 9; 34
 February 11, 2015; 17254; 29; 3387; 88.39; 10.35; 531; 389; 19; 52
 February 12, 2015; 14086; 26; 3168; 79.25; 8.45; 535; 362; 21; 56
 February 13, 2015; 15461; 28; 3078; 85.34; 9.28; 652; 319; 24; 44
 February 14, 2015; 10615; 1; 2802; 3.05; 6.37; 636; 302; 20; 24
 February 14, 2015; 10667; 2; 2822; 6.1; 6.4; 632; 306; 20; 24
 February 15, 2015; 9844; 9; 2507; 27.43; 5.91; 640; 200; 17; 29
 February 15, 2015; 11885; 9; 2810; 27.43; 7.13; 523; 317; 17; 29
 February 16, 2015; 11061; 2; 2773; 6.1; 6.64; 650; 316; 15; 18
 February 17, 2015; 12283; 1; 2905; 3.05; 7.37; 592; 360; 12; 31
 February 18, 2015; 14130; 14; 3016; 42.67; 8.48; 535; 409; 11; 9
 February 19, 2015; 14621; 2; 3053; 6.1; 8.77; 543; 363; 27; 42
 February 20, 2015; 9625; 1; 2794; 3.05; 5.78; 546; 381; 10; 5
 February 21, 2015; 11112; 4; 2874; 12.19; 6.67; 542; 395; 4; 12
 February 21, 2015; 11263; 4; 2886; 12.19; 6.76; 538; 399; 4; 12
 February 22, 2015; 10360; 1; 2682; 3.05; 6.22; 676; 280; 20; 24
 February 22, 2015; 11123; 1; 2805; 3.05; 6.67; 626; 330; 20; 24
 February 23, 2015; 10839; 10; 2730; 30.48; 6.5; 534; 369; 7; 8
 February 23, 2015; 10962; 10; 2756; 30.48; 6.58; 524; 379; 7; 8
 February 24, 2015; 17021; 17; 3210; 51.82; 10.21; 635; 362; 34; 54
 February 24, 2015; 17071; 17; 3215; 51.82; 10.24; 634; 363; 34; 54
 February 25, 2015; 11821; 0; 2823; 0; 7.09; 590; 354; 14; 18
 February 26, 2015; 9538; 10; 2732; 30.48; 5.72; 694; 281; 15; 8
 February 27, 2015; 12756; 17; 2841; 51.82; 7.65; 1084; 331; 9; 16
 February 27, 2015; 12806; 17; 2857; 51.82; 7.68; 1080; 335; 9; 16
 February 28, 2015; 9071; 7; 2441; 21.34; 5.44; 724; 163; 26; 29
 February 28, 2015; 10455; 7; 2677; 21.34; 6.27; 631; 256; 26; 29
 March 1, 2015; 11896; 14; 2783; 42.67; 7.14; 659; 287; 9; 32
 March 1, 2015; 11896; 14; 2783; 42.67; 7.14; 659; 287; 9; 32
 March 2, 2015; 9753; 19; 2571; 57.91; 5.85; 844; 171; 20; 38
 March 2, 2015; 9870; 19; 2591; 57.91; 5.92; 837; 178; 20; 38
 March 3, 2015; 10619; 16; 2630; 48.77; 6.37; 811; 238; 10; 31
 March 3, 2015; 10916; 16; 2683; 48.77; 6.55; 791; 258; 10; 31
 March 4, 2015; 10173; 11; 2653; 33.53; 6.1; 826; 267; 3; 29
 March 4, 2015; 10285; 11; 2674; 33.53; 6.17; 818; 275; 3; 29
 March 5, 2015; 12505; 17; 2706; 51.82; 7.5; 766; 259; 21; 30
 March 6, 2015; 11609; 15; 2623; 45.72; 6.97; 775; 217; 16; 39
 March 6, 2015; 12090; 15; 2690; 45.72; 7.25; 749; 243; 16; 39
 March 7, 2015; 15016; 20; 3032; 60.96; 9.09; 594; 333; 28; 38
 March 8, 2015; 11333; 8; 2803; 24.38; 6.87; 659; 305; 26; 31
 March 9, 2015; 9886; 12; 2561; 36.58; 5.93; 756; 217; 9; 32
 March 11, 2015; 12351; 17; 2735; 51.82; 7.41; 717; 236; 28; 43
 March 12, 2015; 12925; 19; 2814; 57.91; 7.76; 732; 268; 20; 45
 March 13, 2015; 11502; 15; 2762; 45.72; 6.9; 759; 240; 19; 41
 March 14, 2015; 16346; 28; 3173; 85.34; 9.81; 616; 354; 29; 40
 March 15, 2015; 11025; 8; 2768; 24.38; 6.61; 728; 312; 9; 30
 March 16, 2015; 12086; 15; 2792; 45.72; 7.25; 694; 253; 25; 38
 March 17, 2015; 11759; 16; 2639; 48.77; 7.06; 861; 229; 9; 40
 March 17, 2015; 12519; 16; 2749; 48.77; 7.51; 818; 272; 9; 40
 March 18, 2015; 11471; 12; 2736; 36.58; 6.88; 821; 254; 14; 43
 March 18, 2015; 11569; 12; 2752; 36.58; 6.94; 817; 258; 14; 43
 March 19, 2015; 8251; 6; 2528; 18.29; 4.95; 795; 290; 3; 4
 March 20, 2015; 12705; 15; 2850; 45.72; 7.62; 754; 270; 19; 34
 March 21, 2015; 10190; 7; 2957; 21.34; 6.11; 780; 242; 22; 23
 March 21, 2015; 10281; 7; 2974; 21.34; 6.17; 776; 246; 22; 23
 March 22, 2015; 14403; 13; 2972; 39.62; 8.64; 491; 331; 32; 36
 March 23, 2015; 12579; 16; 2822; 48.77; 7.55; 688; 282; 15; 42
 March 23, 2015; 13242; 16; 2925; 48.77; 7.95; 643; 327; 15; 42
 March 24, 2015; 15931; 21; 3150; 64.01; 9.56; 581; 359; 31; 29
 March 25, 2015; 14030; 19; 2936; 57.91; 8.42; 621; 324; 29; 36
 March 26, 2015; 15480; 11; 3172; 33.53; 9.29; 580; 367; 28; 41
 March 27, 2015; 13113; 25; 2976; 76.2; 7.87; 550; 341; 27; 27
 March 27, 2015; 13271; 25; 2996; 76.2; 7.96; 542; 349; 27; 27
 March 28, 2015; 7747; 10; 2817; 30.48; 4.65; 855; 159; 5; 6
 March 29, 2015; 9532; 39; 2725; 118.87; 5.72; 875; 304; 0; 0
 March 29, 2015; 10230; 39; 2823; 118.87; 6.14; 840; 339; 0; 0
 March 30, 2015; 10160; 33; 2690; 100.58; 6.1; 722; 226; 9; 41
 March 30, 2015; 10218; 33; 2703; 100.58; 6.13; 719; 229; 9; 41
 March 31, 2015; 5934; 17; 2372; 51.82; 3.56; 767; 245; 0; 0
 April 1, 2015; 5198; 10; 2252; 30.48; 3.12; 856; 201; 0; 0
 April 1, 2015; 5915; 11; 2333; 33.53; 3.55; 828; 229; 0; 0
 April 2, 2015; 10324; 1; 2529; 3.05; 6.19; 869; 161; 23; 26
 April 2, 2015; 10743; 2; 2573; 6.1; 6.45; 857; 173; 23; 26
 April 3, 2015; 6927; 2622; 2549; 7991.86; 4.16; 1187; 239; 2; 12
 April 3, 2015; 7234; 2622; 2582; 7991.86; 4.34; 1161; 250; 2; 12
 April 4, 2015; 11913; 6; 2833; 18.29; 7.15; 382; 291; 11; 23
 April 5, 2015; 15507; 7; 3173; 21.34; 9.3; 643; 361; 28; 38
 April 5, 2015; 16076; 8; 3259; 24.38; 9.65; 616; 388; 28; 38
 April 6, 2015; 10822; 10; 2784; 30.48; 6.49; 494; 332; 8; 6
 April 6, 2015; 10857; 10; 2792; 30.48; 6.51; 492; 334; 8; 6
 April 7, 2015; 14640; 5; 3192; 15.24; 8.78; 711; 384; 31; 35
 April 7, 2015; 14754; 5; 3206; 15.24; 8.85; 706; 389; 31; 35
 April 8, 2015; 7829; 4; 2562; 12.19; 4.7; 672; 304; 0; 0
 April 8, 2015; 8087; 4; 2601; 12.19; 4.85; 658; 318; 0; 0
 April 9, 2015; 7265; 3; 2404; 9.14; 4.36; 750; 212; 3; 15
 April 9, 2015; 7821; 3; 2484; 9.14; 4.69; 716; 246; 3; 15
 April 10, 2015; 11573; 10; 2825; 30.48; 6.94; 614; 319; 11; 24
 April 10, 2015; 11921; 10; 2869; 30.48; 7.15; 598; 335; 11; 24
 April 11, 2015; 9539; 4; 2735; 12.19; 5.72; 632; 312; 11; 22
 April 11, 2015; 9813; 4; 2772; 12.19; 5.89; 619; 325; 11; 22
 April 12, 2015; 8249; 2; 2595; 6.1; 4.95; 691; 241; 16; 23
 April 12, 2015; 9266; 2; 2780; 6.1; 5.56; 630; 302; 16; 23
 April 13, 2015; 12727; 21; 2775; 64.01; 7.64; 783; 210; 19; 45
 April 13, 2015; 13052; 21; 2819; 64.01; 7.83; 767; 226; 19; 45
 April 14, 2015; 12003; 16; 2824; 48.77; 7.2; 602; 276; 4; 39
 April 14, 2015; 12113; 16; 2853; 48.77; 7.27; 594; 284; 4; 39
 April 15, 2015; 13886; 24; 2965; 73.15; 8.33; 599; 348; 23; 31
 April 15, 2015; 13915; 24; 2969; 73.15; 8.35; 588; 350; 23; 31
 April 16, 2015; 16007; 26; 3059; 79.25; 9.6; 545; 296; 31; 52
 April 17, 2015; 13507; 33; 2946; 100.58; 8.1; 594; 300; 19; 33
 April 18, 2015; 15819; 25; 3255; 76.2; 9.49; 487; 386; 25; 26
 April 19, 2015; 10424; 15; 2700; 45.72; 6.25; 575; 261; 21; 31
 April 19, 2015; 10531; 15; 2720; 45.72; 6.32; 568; 268; 21; 31
 April 20, 2015; 10519; 7; 2822; 21.34; 6.31; 668; 289; 19; 28
 April 20, 2015; 10556; 7; 2827; 21.34; 6.33; 666; 291; 19; 28
 April 21, 2015; 11822; 30; 2824; 91.44; 7.09; 644; 277; 28; 30
 April 21, 2015; 12037; 30; 2867; 91.44; 7.23; 632; 289; 28; 30
 April 22, 2015; 9131; 15; 2700; 45.72; 5.48; 671; 322; 8; 7
 April 23, 2015; 14600; 24; 3050; 73.15; 8.76; 670; 356; 26; 30
 April 23, 2015; 15099; 24; 3115; 73.15; 9.06; 648; 378; 26; 30
 April 24, 2015; 9161; 16; 2616; 48.77; 5.5; 699; 191; 32; 30
 April 24, 2015; 10539; 16; 2745; 48.77; 6.32; 663; 227; 32; 30
 April 25, 2015; 10648; 4; 2853; 12.19; 6.39; 602; 324; 6; 8
 April 25, 2015; 10814; 4; 2879; 12.19; 6.49; 594; 332; 6; 8
 April 26, 2015; 16062; 17; 3300; 51.82; 9.64; 566; 341; 46; 55
 April 27, 2015; 9835; 22; 2787; 67.06; 5.9; 644; 270; 9; 30
 April 27, 2015; 9843; 22; 2790; 67.06; 5.91; 643; 271; 9; 30
 April 28, 2015; 10557; 19; 2656; 57.91; 6.33; 752; 224; 14; 41
 April 28, 2015; 11297; 19; 2778; 57.91; 6.78; 709; 267; 14; 41
 April 29, 2015; 10698; 2; 2862; 6.1; 6.42; 624; 346; 11; 18
 April 29, 2015; 10854; 2; 2897; 6.1; 6.51; 613; 357; 11; 18
 April 30, 2015; 12423; 23; 2973; 70.1; 7.45; 646; 330; 17; 24
 April 30, 2015; 12439; 23; 2975; 70.1; 7.46; 646; 330; 17; 24
 May 1, 2015; 11663; 6; 2678; 18.29; 7; 600; 218; 32; 29
 May 1, 2015; 15348; 7; 3118; 21.34; 9.21; 455; 363; 32; 29
 May 2, 2015; 12784; 4; 3138; 12.19; 7.73; 542; 448; 13; 10
 May 2, 2015; 12821; 4; 3145; 12.19; 7.75; 539; 451; 13; 10
 May 3, 2015; 12244; 9; 2850; 27.43; 7.35; 507; 320; 11; 24
 May 4, 2015; 15227; 24; 3202; 73.15; 9.14; 567; 430; 22; 33
 May 5, 2015; 17685; 32; 3176; 97.54; 10.61; 577; 326; 27; 55
 May 5, 2015; 17692; 32; 3183; 97.54; 10.62; 575; 328; 27; 55
 May 6, 2015; 13827; 21; 2952; 64.01; 8.3; 616; 357; 16; 21
 May 6, 2015; 14122; 21; 2992; 64.01; 8.47; 600; 373; 16; 21
 May 7, 2015; 13436; 22; 3003; 67.06; 8.06; 598; 345; 20; 43
 May 8, 2015; 15324; 28; 3142; 85.34; 9.19; 585; 346; 29; 40
 May 9, 2015; 8529; 4; 2732; 12.19; 5.12; 455; 341; 15; 14
 May 9, 2015; 8581; 4; 2741; 12.19; 5.15; 451; 345; 15; 14
 May 10, 2015; 15062; 3; 3105; 9.14; 9.04; 590; 331; 43; 52
 May 10, 2015; 15308; 3; 3143; 9.14; 9.18; 576; 345; 43; 52
 May 11, 2015; 12416; 24; 2922; 73.15; 7.45; 642; 336; 22; 29
 May 11, 2015; 12461; 24; 2930; 73.15; 7.48; 639; 339; 22; 29
 May 12, 2015; 12128; 12; 2864; 36.58; 7.28; 678; 309; 20; 30
 May 13, 2015; 11335; 2; 2875; 6.1; 6.8; 611; 302; 36; 26
 May 13, 2015; 11375; 2; 2887; 6.1; 6.82; 608; 305; 36; 26
 May 14, 2015; 18663; 11; 3413; 33.53; 11.2; 526; 459; 26; 34
 May 15, 2015; 13760; 20; 3128; 60.96; 8.26; 558; 368; 23; 38
 May 15, 2015; 13894; 20; 3146; 60.96; 8.34; 553; 373; 23; 38
 May 16, 2015; 14146; 25; 2969; 76.2; 8.49; 605; 311; 20; 37
 May 16, 2015; 14344; 25; 3011; 76.2; 8.61; 590; 326; 20; 37
 May 17, 2015; 13386; 13; 3027; 39.62; 8.03; 546; 342; 29; 44
 May 18, 2015; 12729; 18; 2944; 54.86; 7.64; 580; 341; 12; 36
 May 19, 2015; 10717; 12; 2793; 36.58; 6.43; 612; 319; 10; 23
 May 20, 2015; 12475; 20; 3020; 60.96; 7.49; 567; 347; 25; 30
 May 21, 2015; 16481; 12; 3237; 36.58; 9.89; 485; 393; 36; 51
 May 21, 2015; 16595; 12; 3260; 36.58; 9.96; 477; 401; 36; 51
 May 22, 2015; 12726; 13; 2883; 39.62; 7.64; 608; 323; 18; 35
 May 22, 2015; 12829; 13; 2896; 39.62; 7.7; 603; 328; 18; 35
 May 23, 2015; 10427; 3; 2778; 9.14; 6.26; 656; 302; 16; 23
 May 23, 2015; 10645; 3; 2812; 9.14; 6.39; 642; 316; 16; 23
 May 24, 2015; 15160; 17; 2956; 51.82; 9.1; 563; 249; 24; 74
 May 24, 2015; 15346; 17; 2996; 51.82; 9.21; 549; 263; 24; 74
 May 25, 2015; 13859; 15; 3079; 45.72; 8.32; 681; 318; 32; 45
 May 25, 2015; 13904; 15; 3085; 45.72; 8.34; 679; 320; 32; 45
 May 26, 2015; 11155; 4; 2999; 12.19; 6.69; 586; 337; 10; 29
 May 27, 2015; 12315; 9; 2964; 27.43; 7.39; 573; 348; 22; 30
 May 28, 2015; 13548; 16; 3095; 48.77; 8.13; 648; 378; 10; 21
 May 29, 2015; 13081; 11; 3083; 33.53; 7.85; 580; 377; 16; 23
 May 30, 2015; 17054; 22; 3268; 67.06; 10.23; 537; 362; 34; 55
 May 31, 2015; 15523; 6; 3325; 18.29; 9.31; 543; 411; 31; 43
 June 1, 2015; 8451; 6; 2578; 18.29; 5.07; 741; 241; 12; 9
 June 1, 2015; 9234; 8; 2710; 24.38; 5.54; 693; 289; 12; 9
 June 2, 2015; 11066; 8; 3147; 24.38; 6.64; 1125; 258; 4; 31
 June 3, 2015; 11515; 23; 2636; 70.1; 6.91; 687; 177; 18; 58
 June 3, 2015; 11539; 23; 2643; 70.1; 6.92; 684; 180; 18; 58
 June 4, 2015; 2991; 4; 2127; 12.19; 1.79; 829; 177; 0; 0
 June 5, 2015; 9545; 31; 2469; 94.49; 5.73; 776; 136; 9; 56
 June 6, 2015; 13199; 11; 2752; 33.53; 7.92; 766; 195; 6; 77
 June 7, 2015; 11180; 18; 2594; 54.86; 6.71; 778; 174; 10; 60
 June 8, 2015; 8487; 21; 2472; 64.01; 5.09; 766; 176; 5; 45
 June 9, 2015; 10761; 26; 2592; 79.25; 6.46; 804; 150; 8; 66
 June 10, 2015; 9709; 28; 2502; 85.34; 5.83; 857; 183; 4; 51
 June 10, 2015; 9722; 28; 2505; 85.34; 5.83; 856; 184; 4; 51
 June 11, 2015; 10600; 68; 2557; 207.26; 6.36; 783; 166; 13; 62
 June 11, 2015; 10892; 69; 2604; 210.31; 6.54; 762; 187; 13; 62
 June 13, 2015; 8540; 21; 2464; 64.01; 5.12; 835; 184; 3; 41
 June 13, 2015; 8605; 21; 2479; 64.01; 5.16; 830; 189; 3; 41
 June 14, 2015; 4322; 19; 2244; 57.91; 2.59; 889; 195; 0; 0
 June 15, 2015; 4448; 19; 2233; 57.91; 2.67; 837; 189; 0; 0
 June 15, 2015; 5029; 19; 2305; 57.91; 3.02; 819; 207; 0; 0
 June 16, 2015; 8137; 41; 2557; 124.97; 4.88; 866; 220; 21; 11
 June 17, 2015; 7262; 2; 2502; 6.1; 4.36; 1194; 232; 1; 13
 June 18, 2015; 13281; 15; 3235; 45.72; 7.97; 420; 306; 49; 42
 June 19, 2015; 9709; 6; 2913; 18.29; 5.83; 655; 253; 23; 25
 June 20, 2015; 13700; 7; 3325; 21.34; 8.22; 547; 360; 43; 40
 June 20, 2015; 13834; 7; 3371; 21.34; 8.3; 538; 369; 43; 40
 June 21, 2015; 12050; 0; 2906; 0; 7.23; 539; 275; 29; 28
 June 21, 2015; 14199; 0; 3206; 0; 8.52; 461; 333; 48; 29
 June 22, 2015; 13900; 13; 2961; 39.62; 8.34; 702; 295; 37; 29
 June 22, 2015; 14786; 13; 3127; 39.62; 8.87; 658; 339; 37; 29
 June 23, 2015; 10997; 12; 2666; 36.58; 6.6; 696; 193; 21; 43
 June 24, 2015; 17929; 22; 3364; 67.06; 10.76; 528; 349; 40; 55
 June 24, 2015; 19252; 22; 3541; 67.06; 11.55; 469; 408; 40; 55
 June 25, 2015; 13260; 12; 3031; 36.58; 7.96; 530; 309; 28; 44
 June 25, 2015; 13360; 12; 3050; 36.58; 8.02; 522; 317; 28; 44
 June 26, 2015; 13582; 15; 3082; 45.72; 8.15; 532; 384; 17; 19
 June 26, 2015; 13606; 15; 3088; 45.72; 8.16; 529; 387; 17; 19
 June 27, 2015; 14671; 20; 2906; 60.96; 8.8; 681; 306; 12; 27
 June 27, 2015; 16593; 20; 3188; 60.96; 9.96; 565; 422; 12; 27
 June 28, 2015; 11179; 7; 2702; 21.34; 6.71; 624; 288; 13; 18
 June 28, 2015; 11628; 7; 2781; 21.34; 6.98; 597; 315; 13; 18
 June 29, 2015; 8748; 2; 2838; 6.1; 5.25; 640; 319; 17; 6
 June 29, 2015; 8849; 2; 2857; 6.1; 5.31; 634; 325; 17; 6
 June 30, 2015; 15593; 19; 3467; 57.91; 9.36; 551; 427; 32; 28
 June 30, 2015; 15715; 19; 3494; 57.91; 9.43; 542; 436; 32; 28
 July 1, 2015; 9735; 4; 3112; 12.19; 5.84; 467; 389; 0; 30
 July 2, 2015; 13097; 16; 2861; 48.77; 7.86; 641; 260; 36; 36
 July 2, 2015; 16716; 16; 3355; 48.77; 10.03; 473; 428; 36; 36
 July 3, 2015; 14269; 13; 3028; 39.62; 8.56; 690; 344; 19; 32
 July 3, 2015; 16223; 13; 3269; 39.62; 9.73; 607; 427; 19; 32
 July 4, 2015; 13520; 7; 2987; 21.34; 8.11; 852; 325; 24; 37
 July 4, 2015; 14988; 7; 3157; 21.34; 8.99; 788; 389; 24; 37
 July 5, 2015; 12458; 5; 2909; 15.24; 7.47; 555; 378; 9; 27
 July 6, 2015; 13856; 5; 2931; 15.24; 8.31; 567; 321; 34; 38
 July 6, 2015; 14891; 5; 3060; 15.24; 8.93; 527; 361; 34; 38
 July 7, 2015; 17895; 21; 3378; 64.01; 10.74; 523; 483; 30; 17
 July 7, 2015; 17943; 21; 3386; 64.01; 10.77; 520; 486; 30; 17
 July 8, 2015; 16647; 19; 3250; 57.91; 9.99; 436; 434; 35; 32
 July 9, 2015; 10337; 2; 2728; 6.1; 6.2; 598; 329; 6; 24
 July 9, 2015; 11868; 2; 2931; 6.1; 7.12; 529; 398; 6; 24
 July 10, 2015; 18109; 33; 3281; 100.58; 10.87; 546; 421; 28; 35
 July 11, 2015; 12856; 11; 2930; 33.53; 7.71; 519; 320; 38; 27
 July 11, 2015; 13308; 11; 2964; 33.53; 7.98; 511; 328; 38; 27
 July 12, 2015; 16092; 6; 3149; 18.29; 9.66; 503; 402; 23; 33
 July 13, 2015; 13631; 14; 2949; 42.67; 8.18; 631; 355; 21; 36
 July 14, 2015; 15684; 11; 3220; 33.53; 9.41; 526; 401; 35; 41
 July 15, 2015; 17322; 13; 3295; 39.62; 10.39; 503; 384; 48; 38
 July 15, 2015; 17381; 13; 3302; 39.62; 10.43; 501; 386; 48; 38
 July 16, 2015; 15588; 14; 3103; 42.67; 9.35; 557; 366; 32; 40
 July 16, 2015; 15770; 14; 3122; 42.67; 9.46; 550; 373; 32; 40
 July 17, 2015; 14095; 4; 2990; 12.19; 8.46; 575; 339; 27; 46
 July 18, 2015; 14227; 7; 3079; 21.34; 8.54; 525; 293; 27; 54
 July 18, 2015; 14726; 7; 3153; 21.34; 8.84; 507; 311; 27; 54
 July 19, 2015; 14640; 3; 3229; 9.14; 8.78; 551; 370; 29; 41
 July 19, 2015; 15049; 3; 3300; 9.14; 9.03; 524; 397; 29; 41
 July 20, 2015; 10642; 4; 2699; 12.19; 6.39; 632; 302; 18; 23
 July 20, 2015; 10667; 4; 2710; 12.19; 6.4; 630; 304; 18; 23
 July 21, 2015; 10823; 14; 2861; 42.67; 6.49; 714; 353; 16; 0
 July 21, 2015; 11916; 14; 3016; 42.67; 7.15; 657; 410; 16; 0
 July 22, 2015; 9984; 4; 2742; 12.19; 5.99; 619; 325; 9; 17
 July 22, 2015; 10077; 4; 2756; 12.19; 6.05; 615; 329; 9; 17
 July 23, 2015; 10719; 2; 2782; 6.1; 6.43; 675; 281; 28; 32
 July 23, 2015; 10812; 2; 2796; 6.1; 6.49; 670; 286; 28; 32
 July 24, 2015; 9980; 3; 2767; 9.14; 5.99; 668; 290; 35; 20
 July 24, 2015; 10920; 3; 2874; 9.14; 6.55; 631; 327; 35; 20
 July 25, 2015; 17011; 8; 3499; 24.38; 10.21; 545; 463; 40; 36
 July 26, 2015; 11964; 6; 2901; 18.29; 7.18; 499; 289; 31; 36
 July 27, 2015; 14470; 2; 3040; 6.1; 8.68; 564; 308; 42; 43
 July 28, 2015; 11567; 4; 2846; 12.19; 6.94; 841; 293; 24; 32
 July 28, 2015; 13387; 4; 3104; 12.19; 8.03; 752; 371; 34; 33
 July 29, 2015; 14974; 10; 3066; 30.48; 8.98; 700; 292; 27; 48
 July 29, 2015; 15916; 10; 3213; 30.48; 9.55; 648; 344; 27; 48
 July 30, 2015; 13096; 3; 2998; 9.14; 7.86; 658; 291; 51; 40
 July 30, 2015; 14491; 3; 3210; 9.14; 8.69; 581; 368; 51; 40
 August 1, 2015; 13272; 0; 3265; 0; 7.96; 482; 398; 23; 32
 August 2, 2015; 13614; 16; 3271; 48.77; 8.17; 545; 390; 36; 24
 August 3, 2015; 8783; 44; 2957; 134.11; 5.27; 877; 206; 5; 3
 August 4, 2015; 10871; 2; 2821; 6.1; 6.52; 817; 255; 20; 48
 August 5, 2015; 8563; 16; 2459; 48.77; 5.14; 1051; 140; 23; 49
 August 6, 2015; 10917; 4; 2620; 12.19; 6.55; 738; 199; 6; 60
 August 7, 2015; 8279; 12; 2470; 36.58; 4.97; 762; 161; 17; 47
 August 8, 2015; 7968; 5; 2466; 15.24; 4.78; 789; 156; 10; 45
 August 8, 2015; 8216; 10; 2500; 30.48; 4.93; 779; 166; 10; 45
 August 9, 2015; 7355; 20; 2359; 60.96; 4.41; 799; 156; 3; 42
 August 10, 2015; 9477; 24; 2483; 73.15; 5.69; 795; 151; 6; 57
 August 10, 2015; 9579; 24; 2509; 73.15; 5.75; 787; 159; 6; 57
 August 11, 2015; 9386; 31; 2538; 94.49; 5.63; 833; 125; 8; 65
 August 11, 2015; 9394; 31; 2541; 94.49; 5.64; 832; 126; 8; 65
 August 12, 2015; 10072; 58; 2488; 176.78; 6.04; 781; 144; 18; 53
 August 13, 2015; 9855; 20; 2507; 60.96; 5.91; 810; 123; 27; 57
 August 13, 2015; 9924; 20; 2521; 60.96; 5.95; 803; 130; 27; 57
 August 14, 2015; 9597; 20; 2529; 60.96; 5.76; 844; 118; 18; 60
 August 14, 2015; 9955; 20; 2585; 60.96; 5.97; 824; 138; 18; 60
 August 15, 2015; 9465; 30; 2526; 91.44; 5.68; 803; 144; 4; 60
 August 15, 2015; 9600; 30; 2541; 91.44; 5.76; 797; 150; 4; 60
 August 16, 2015; 11462; 29; 2708; 88.39; 6.88; 845; 198; 7; 66
 August 17, 2015; 9345; 18; 2466; 54.86; 5.61; 848; 144; 6; 59
 August 17, 2015; 9497; 18; 2502; 54.86; 5.7; 834; 158; 6; 59
 August 18, 2015; 10063; 41; 2525; 124.97; 6.04; 847; 157; 4; 65
 August 19, 2015; 10348; 4; 2569; 12.19; 6.21; 801; 175; 8; 61
 August 20, 2015; 7252; 37; 2460; 112.78; 4.35; 844; 162; 29; 18
 August 20, 2015; 7651; 38; 2541; 115.82; 4.59; 825; 181; 29; 18
 August 21, 2015; 4429; 2; 2125; 6.1; 2.66; 1309; 119; 1; 11
 August 22, 2015; 14417; 11; 3238; 33.53; 8.65; 556; 202; 69; 73
 August 22, 2015; 15024; 11; 3392; 33.53; 9.01; 514; 244; 69; 73
 August 23, 2015; 9439; 5; 2821; 15.24; 5.66; 669; 196; 48; 33
 August 23, 2015; 13626; 5; 3668; 15.24; 8.18; 432; 410; 65; 39
 August 24, 2015; 11862; 4; 3289; 12.19; 7.13; 621; 296; 56; 37
 August 24, 2015; 13017; 4; 3534; 12.19; 7.81; 558; 349; 66; 37
 August 25, 2015; 17505; 7; 3844; 21.34; 10.5; 571; 305; 111; 75
 August 25, 2015; 20524; 7; 4325; 21.34; 12.31; 442; 424; 119; 77
 August 26, 2015; 9813; 7; 2904; 21.34; 5.89; 776; 305; 21; 8
 August 26, 2015; 14070; 7; 3610; 21.34; 8.44; 569; 505; 28; 8
 August 27, 2015; 13544; 11; 3075; 33.53; 8.13; 648; 350; 19; 31
 August 27, 2015; 17857; 12; 3678; 36.58; 10.71; 476; 497; 43; 32
 August 28, 2015; 15345; 24; 3123; 73.15; 9.21; 653; 303; 36; 54
 August 28, 2015; 17223; 24; 3443; 73.15; 10.33; 556; 400; 36; 54
 August 29, 2015; 11680; 5; 2904; 15.24; 7.01; 599; 251; 38; 40
 August 30, 2015; 14346; 1; 3260; 3.05; 8.61; 522; 359; 30; 31
 August 30, 2015; 14854; 1; 3364; 3.05; 8.91; 486; 395; 30; 31
 August 31, 2015; 13706; 0; 3182; 0; 8.22; 667; 332; 50; 34
 August 31, 2015; 13830; 0; 3208; 0; 8.3; 664; 335; 50; 34
 September 1, 2015; 11154; 6; 2835; 18.29; 6.69; 661; 259; 29; 26
 September 1, 2015; 17431; 11; 3710; 33.53; 10.46; 410; 486; 52; 27
 September 3, 2015; 12726; 1; 3019; 3.05; 7.64; 590; 291; 62; 26
 September 3, 2015; 13110; 1; 3087; 3.05; 7.87; 572; 309; 62; 26
 September 4, 2015; 15011; 21; 2990; 64.01; 9.01; 667; 262; 51; 49
 September 5, 2015; 13516; 14; 3158; 42.67; 8.11; 476; 372; 33; 20
 September 6, 2015; 15200; 9; 3143; 27.43; 9.12; 555; 353; 34; 39
 September 7, 2015; 13260; 24; 3070; 73.15; 7.96; 470; 329; 27; 38
 September 8, 2015; 14150; 31; 3014; 94.49; 8.49; 634; 284; 25; 47
 September 9, 2015; 11082; 15; 2833; 45.72; 6.65; 696; 291; 32; 26
 September 14, 2015; 8742; 13; 2944; 39.62; 5.25; 908; 223; 6; 2
 September 15, 2015; 10795; 15; 2706; 45.72; 6.48; 750; 254; 18; 51
 September 16, 2015; 9817; 17; 2542; 51.82; 5.89; 768; 202; 4; 55
 September 17, 2015; 10051; 19; 2521; 57.91; 6.03; 754; 173; 5; 56
 September 18, 2015; 10500; 21; 2618; 64.01; 6.3; 786; 213; 11; 59
 September 19, 2015; 9765; 19; 2573; 57.91; 5.86; 770; 177; 15; 59
 September 19, 2015; 9783; 19; 2583; 57.91; 5.87; 767; 180; 15; 59
 September 20, 2015; 9617; 22; 2442; 67.06; 5.77; 756; 145; 8; 60
 September 21, 2015; 9485; 22; 2322; 67.06; 5.69; 780; 139; 70; 1
 September 21, 2015; 9929; 22; 2404; 67.06; 5.96; 751; 168; 70; 1
 September 22, 2015; 10196; 14; 2698; 42.67; 6.12; 805; 214; 23; 52
 September 22, 2015; 10204; 14; 2699; 42.67; 6.12; 804; 215; 23; 52
 September 23, 2015; 9535; 15; 2504; 45.72; 5.72; 837; 139; 9; 61
 September 24, 2015; 9033; 9; 2432; 27.43; 5.42; 803; 136; 7; 59
 September 25, 2015; 8708; 4; 2499; 12.19; 5.22; 890; 131; 11; 59
 September 26, 2015; 9208; 31; 2445; 94.49; 5.52; 821; 137; 8; 56
 September 27, 2015; 9430; 23; 2290; 70.1; 5.66; 765; 292; 0; 0
 September 27, 2015; 9446; 23; 2292; 70.1; 5.67; 764; 293; 0; 0
 September 28, 2015; 10130; 24; 2602; 73.15; 6.08; 825; 136; 87; 8
 September 28, 2015; 10333; 24; 2644; 73.15; 6.2; 811; 150; 87; 8
 September 29, 2015; 9263; 19; 2542; 57.91; 5.56; 852; 148; 9; 55
 September 30, 2015; 10246; 17; 2577; 51.82; 6.15; 781; 222; 60; 1
 September 30, 2015; 10291; 17; 2587; 51.82; 6.17; 777; 226; 60; 1
 October 1, 2015; 9333; 5; 2601; 15.24; 5.6; 839; 233; 30; 17
 October 1, 2015; 9681; 5; 2643; 15.24; 5.81; 826; 246; 30; 17
 October 2, 2015; 2757; 1; 1883; 3.05; 1.65; 1274; 65; 0; 0
 October 2, 2015; 8591; 2; 2479; 6.1; 5.15; 1117; 198; 20; 4
 October 3, 2015; 11614; 15; 2902; 45.72; 6.97; 643; 248; 20; 25
 October 3, 2015; 12557; 15; 3091; 45.72; 7.53; 583; 308; 20; 25
 October 4, 2015; 10523; 2; 2881; 6.1; 6.31; 588; 308; 29; 23
 October 4, 2015; 11501; 2; 3075; 6.1; 6.9; 529; 367; 29; 23
 October 5, 2015; 11030; 25; 3030; 76.2; 6.62; 705; 349; 16; 13
 October 5, 2015; 12086; 26; 3200; 79.25; 7.25; 649; 405; 16; 13
 October 6, 2015; 11724; 14; 2727; 42.67; 7.03; 660; 229; 38; 22
 October 6, 2015; 11840; 14; 2788; 42.67; 7.1; 645; 225; 66; 13
 October 7, 2015; 14250; 12; 3277; 36.58; 8.55; 574; 314; 3; 94
 October 7, 2015; 14341; 12; 3290; 36.58; 8.6; 568; 320; 3; 94
 October 8, 2015; 14824; 34; 3383; 103.63; 8.89; 628; 184; 56; 114
 October 8, 2015; 16427; 34; 3670; 103.63; 9.86; 531; 273; 64; 114
 October 9, 2015; 12821; 10; 2856; 30.48; 7.69; 698; 265; 22; 43
 October 9, 2015; 14018; 10; 3073; 30.48; 8.41; 637; 326; 22; 43
 October 10, 2015; 13549; 5; 2916; 15.24; 8.13; 592; 306; 24; 48
 October 10, 2015; 13642; 5; 2929; 15.24; 8.19; 586; 312; 24; 48
 October 11, 2015; 15519; 17; 3062; 51.82; 9.36; 611; 253; 72; 47
 October 11, 2015; 17643; 17; 3453; 51.82; 10.63; 466; 398; 72; 47
 October 12, 2015; 13707; 21; 3028; 64.01; 8.22; 586; 349; 26; 37
 October 12, 2015; 13742; 21; 3039; 64.01; 8.25; 582; 353; 26; 37
 October 13, 2015; 15775; 32; 3245; 97.54; 9.47; 611; 322; 44; 58
 October 13, 2015; 15804; 32; 3252; 97.54; 9.48; 610; 323; 44; 58
 October 14, 2015; 12381; 10; 2749; 30.48; 7.43; 665; 266; 25; 35
 October 14, 2015; 15278; 10; 3048; 30.48; 9.17; 559; 372; 25; 35
 October 15, 2015; 15437; 13; 3242; 39.62; 9.27; 622; 355; 13; 71
 October 16, 2015; 16414; 12; 3141; 36.58; 9.85; 570; 349; 56; 35
 October 17, 2015; 9624; 11; 2612; 33.53; 5.77; 675; 259; 13; 16
 October 17, 2015; 10624; 11; 2805; 33.53; 6.37; 615; 319; 13; 16
 October 18, 2015; 11059; 15; 3529; 45.72; 6.64; 480; 345; 22; 54
 October 18, 2015; 11067; 15; 3532; 45.72; 6.64; 479; 346; 22; 54
 October 19, 2015; 13444; 21; 2960; 64.01; 8.07; 647; 299; 64; 31
 October 20, 2015; 13600; 2; 2919; 6.1; 8.16; 610; 290; 36; 51
 October 21, 2015; 10468; 3; 2729; 9.14; 6.28; 667; 205; 0; 81
 October 21, 2015; 12382; 3; 2982; 9.14; 7.43; 562; 310; 0; 81
 October 22, 2015; 13318; 13; 2868; 39.62; 7.99; 598; 264; 61; 28
 October 22, 2015; 14486; 13; 3032; 39.62; 8.69; 545; 311; 67; 28
 October 23, 2015; 13432; 15; 2675; 45.72; 8.06; 763; 212; 65; 36
 October 23, 2015; 14451; 15; 2871; 45.72; 8.67; 693; 282; 65; 36
 October 24, 2015; 14124; 6; 2815; 18.29; 8.47; 451; 281; 102; 0
 October 24, 2015; 14464; 6; 2865; 18.29; 8.68; 428; 304; 102; 0
 October 25, 2015; 11148; 2; 2644; 6.1; 6.69; 615; 257; 20; 34
 October 25, 2015; 11734; 2; 2733; 6.1; 7.04; 576; 296; 20; 34
 October 26, 2015; 15297; 19; 2970; 57.91; 9.18; 644; 334; 27; 43
 October 26, 2015; 16291; 19; 3125; 57.91; 9.77; 586; 392; 27; 43
 October 27, 2015; 13395; 18; 2794; 54.86; 8.04; 693; 242; 28; 45
 October 27, 2015; 14590; 18; 2987; 54.86; 8.75; 621; 314; 28; 45
 October 28, 2015; 11919; 19; 2692; 57.91; 7.15; 736; 269; 26; 33
 October 28, 2015; 13745; 19; 2943; 57.91; 8.25; 632; 373; 26; 33
 October 29, 2015; 12163; 12; 2717; 36.58; 7.3; 696; 256; 39; 22
 October 29, 2015; 13270; 12; 2895; 36.58; 7.96; 633; 319; 39; 22
 October 30, 2015; 12578; 22; 2800; 67.06; 7.55; 659; 309; 27; 29
 October 31, 2015; 11836; 11; 2755; 33.53; 7.1; 696; 295; 18; 16
 October 31, 2015; 13024; 12; 2945; 36.58; 7.81; 617; 374; 18; 16
 November 1, 2015; 17442; 7; 3281; 21.34; 10.47; 482; 430; 26; 44
 November 1, 2015; 17484; 7; 3290; 21.34; 10.49; 478; 434; 26; 44
 November 2, 2015; 17090; 21; 3228; 64.01; 10.25; 574; 431; 19; 28
 November 3, 2015; 14153; 17; 2835; 51.82; 8.49; 701; 236; 30; 44
 November 3, 2015; 16144; 17; 3180; 51.82; 9.69; 574; 363; 30; 44
 November 4, 2015; 12103; 12; 2865; 36.58; 7.26; 571; 296; 26; 37
 November 5, 2015; 16880; 18; 3152; 54.86; 10.13; 571; 327; 42; 51
 November 5, 2015; 17518; 18; 3222; 54.86; 10.51; 544; 354; 42; 51
 November 6, 2015; 13786; 22; 2958; 67.06; 8.27; 649; 328; 28; 45
 November 6, 2015; 13972; 22; 2985; 67.06; 8.38; 638; 339; 28; 45
 November 7, 2015; 15238; 7; 3149; 21.34; 9.14; 491; 370; 40; 45
 November 7, 2015; 15880; 7; 3271; 21.34; 9.53; 448; 413; 40; 45
 November 8, 2015; 9651; 14; 2610; 42.67; 5.79; 655; 248; 12; 17
 November 8, 2015; 11437; 14; 2928; 42.67; 6.86; 543; 360; 12; 17
 November 9, 2015; 14504; 8; 2926; 24.38; 8.7; 552; 306; 35; 33
 November 9, 2015; 15458; 8; 3065; 24.38; 9.27; 500; 358; 35; 33
 November 10, 2015; 12183; 12; 2681; 36.58; 7.31; 678; 230; 21; 45
 November 10, 2015; 13335; 12; 2844; 36.58; 8; 615; 293; 21; 45
 November 11, 2015; 11768; 20; 2631; 60.96; 7.06; 744; 211; 26; 42
 November 11, 2015; 15385; 21; 3103; 64.01; 9.23; 566; 381; 34; 42
 November 12, 2015; 11471; 13; 2821; 39.62; 6.88; 622; 307; 22; 31
 November 12, 2015; 11939; 13; 2891; 39.62; 7.16; 595; 334; 22; 31
 November 13, 2015; 12323; 13; 2773; 39.62; 7.39; 704; 271; 18; 37
 November 13, 2015; 13266; 13; 2903; 39.62; 7.96; 651; 324; 18; 37
 November 14, 2015; 15326; 11; 3093; 33.53; 9.2; 493; 349; 23; 29
 November 14, 2015; 15467; 11; 3121; 33.53; 9.28; 485; 357; 23; 29
 November 15, 2015; 11881; 4; 2869; 12.19; 7.13; 550; 331; 16; 33
 November 15, 2015; 11924; 4; 2874; 12.19; 7.15; 548; 333; 16; 33
 November 16, 2015; 11470; 12; 2681; 36.58; 6.88; 671; 269; 19; 30
 November 16, 2015; 13201; 12; 2920; 36.58; 7.92; 588; 352; 19; 30
 November 17, 2015; 10657; 18; 2569; 54.86; 6.39; 753; 244; 15; 21
 November 17, 2015; 14107; 20; 2981; 60.96; 8.46; 600; 397; 15; 21
 November 18, 2015; 10705; 13; 2735; 39.62; 6.42; 710; 336; 6; 12
 November 18, 2015; 11363; 14; 2818; 42.67; 6.82; 673; 373; 6; 12
 November 19, 2015; 12844; 20; 2703; 60.96; 7.71; 625; 245; 17; 56
 November 19, 2015; 13447; 20; 2812; 60.96; 8.07; 577; 293; 17; 56
 November 20, 2015; 10231; 25; 2464; 76.2; 6.14; 719; 173; 27; 34
 November 20, 2015; 12242; 25; 2763; 76.2; 7.35; 595; 297; 27; 34
 November 21, 2015; 11306; 7; 2677; 21.34; 6.78; 714; 294; 10; 20
 November 21, 2015; 13179; 7; 2942; 21.34; 7.91; 613; 395; 10; 20
 November 22, 2015; 11951; 8; 2896; 24.38; 7.17; 496; 348; 26; 27
 November 22, 2015; 12077; 8; 2915; 24.38; 7.25; 489; 355; 26; 27
 November 23, 2015; 14396; 19; 2927; 57.91; 8.64; 614; 340; 11; 32
 November 23, 2015; 15374; 19; 3057; 57.91; 9.22; 561; 393; 11; 32
 November 24, 2015; 12743; 37; 2738; 112.78; 7.65; 639; 221; 28; 58
 November 24, 2015; 13028; 37; 2789; 112.78; 7.82; 620; 240; 28; 58
 November 25, 2015; 12513; 11; 2846; 33.53; 7.51; 713; 291; 19; 35
 November 25, 2015; 12608; 11; 2859; 33.53; 7.56; 709; 295; 19; 35
 November 26, 2015; 15261; 51; 3152; 155.45; 9.16; 502; 388; 24; 36
 November 26, 2015; 15583; 52; 3190; 158.5; 9.35; 488; 402; 24; 36
 November 27, 2015; 17279; 20; 3292; 60.96; 10.37; 508; 466; 23; 21
 November 27, 2015; 17378; 20; 3303; 60.96; 10.43; 505; 469; 23; 21
 November 28, 2015; 12047; 28; 2887; 85.34; 7.23; 632; 326; 7; 20
 November 28, 2015; 13636; 28; 3143; 85.34; 8.18; 544; 414; 7; 20
 November 29, 2015; 13959; 6; 2964; 18.29; 8.38; 556; 340; 18; 27
 November 29, 2015; 15108; 6; 3140; 18.29; 9.06; 489; 407; 18; 27
 November 30, 2015; 13243; 21; 2739; 64.01; 7.95; 678; 266; 16; 29
 November 30, 2015; 14618; 21; 2948; 64.01; 8.77; 595; 349; 16; 29
 December 1, 2015; 11802; 15; 2800; 45.72; 7.08; 653; 254; 30; 41
 December 1, 2015; 13875; 16; 3091; 48.77; 8.32; 552; 355; 30; 41
 December 2, 2015; 13666; 11; 3018; 33.53; 8.2; 623; 360; 33; 26
 December 3, 2015; 16060; 14; 3128; 42.67; 9.64; 584; 345; 37; 44
 December 4, 2015; 16107; 33; 3062; 100.58; 9.66; 568; 324; 31; 44
 December 4, 2015; 16269; 33; 3087; 100.58; 9.76; 557; 335; 31; 44
 December 5, 2015; 12676; 10; 2951; 30.48; 7.61; 565; 299; 37; 31
 December 5, 2015; 13094; 11; 3031; 33.53; 7.86; 531; 333; 37; 31
 December 6, 2015; 12060; 10; 2981; 30.48; 7.24; 579; 325; 21; 39
 December 7, 2015; 5116; 7; 2386; 21.34; 3.07; 847; 183; 19; 2
 December 7, 2015; 5553; 7; 2422; 21.34; 3.33; 837; 193; 19; 2
 December 8, 2015; 5833; 24; 2319; 73.15; 3.5; 758; 252; 0; 0
 December 9, 2015; 4430; 11; 2116; 33.53; 2.66; 790; 143; 3; 14
 December 10, 2015; 3819; 11; 2127; 33.53; 2.29; 801; 168; 0; 0
 December 11, 2015; 3171; 4; 2066; 12.19; 1.9; 825; 138; 0; 0
 December 12, 2015; 3232; 1; 2155; 3.05; 1.94; 867; 162; 0; 0
 December 13, 2015; 3270; 20; 2060; 60.96; 1.96; 903; 140; 0; 0
 December 14, 2015; 4009; 18; 2212; 54.86; 2.41; 840; 176; 0; 0
 December 14, 2015; 4168; 10; 2236; 30.48; 2.5; 824; 188; 0; 0
 December 15, 2015; 8811; 22; 2501; 67.06; 5.29; 767; 141; 16; 54
 December 16, 2015; 9029; 124; 2564; 377.95; 5.42; 790; 164; 17; 48
 December 17, 2015; 7815; 78; 2366; 237.74; 4.69; 820; 153; 5; 40
 December 18, 2015; 10091; 150; 2634; 457.2; 6.05; 773; 154; 22; 58
 December 19, 2015; 7325; 2; 2504; 6.1; 4.39; 852; 174; 19; 20
 December 20, 2015; 11925; 35; 2900; 106.68; 7.15; 1101; 261; 40; 38
 December 20, 2015; 12229; 35; 2943; 106.68; 7.34; 1083; 279; 40; 38
 December 21, 2015; 11064; 42; 2717; 128.02; 6.64; 595; 163; 42; 45
 December 21, 2015; 12534; 44; 2997; 134.11; 7.52; 508; 250; 42; 45
 December 22, 2015; 15301; 12; 2976; 36.58; 9.18; 634; 345; 30; 38
 December 22, 2015; 16695; 12; 3164; 36.58; 10.02; 568; 411; 30; 38
 December 23, 2015; 10231; 4; 2541; 12.19; 6.14; 667; 240; 11; 22
 December 23, 2015; 11948; 4; 2783; 12.19; 7.17; 578; 329; 11; 22
 December 24, 2015; 12995; 5; 2949; 15.24; 7.8; 540; 327; 28; 35
 December 24, 2015; 13680; 5; 3055; 15.24; 8.21; 505; 362; 28; 35
 December 25, 2015; 12149; 24; 2838; 73.15; 7.29; 638; 347; 20; 17
 December 25, 2015; 12204; 24; 2845; 73.15; 7.32; 635; 350; 20; 17
 December 26, 2015; 14242; 21; 2991; 64.01; 8.55; 486; 326; 31; 39
 December 26, 2015; 14306; 21; 3000; 64.01; 8.58; 482; 330; 31; 39
 December 27, 2015; 6722; 14; 2381; 42.67; 4.03; 716; 249; 0; 0
 December 27, 2015; 7967; 16; 2598; 48.77; 4.78; 650; 315; 0; 0
 December 28, 2015; 14577; 28; 3067; 85.34; 8.75; 674; 322; 29; 39
 December 29, 2015; 9981; 4; 2481; 12.19; 5.99; 676; 202; 14; 32
 December 29, 2015; 12387; 5; 2801; 15.24; 7.43; 558; 320; 14; 32
 December 30, 2015; 13106; 4; 2943; 12.19; 7.86; 576; 340; 25; 42
 December 30, 2015; 13689; 4; 3067; 12.19; 8.21; 530; 386; 25; 42
 December 31, 2015; 13952; 6; 3022; 18.29; 8.37; 581; 401; 18; 22
 December 31, 2015; 15392; 6; 3284; 18.29; 9.24; 480; 502; 18; 22
 January 1, 2016; 13928; 23; 2804; 70.1; 8.36; 686; 256; 29; 48
 January 1, 2016; 16270; 25; 3102; 76.2; 9.76; 571; 371; 29; 48
 January 2, 2016; 13431; 8; 2918; 24.38; 8.06; 535; 404; 10; 19
 January 2, 2016; 13898; 8; 3013; 24.38; 8.34; 499; 440; 10; 19
 January 3, 2016; 13111; 20; 2939; 60.96; 7.87; 632; 378; 22; 22
 January 3, 2016; 14000; 20; 3041; 60.96; 8.4; 596; 414; 22; 22
 January 4, 2016; 17774; 18; 3099; 54.86; 10.66; 514; 335; 39; 53
 January 4, 2016; 18373; 18; 3168; 54.86; 11.02; 490; 359; 39; 53
 January 5, 2016; 10542; 13; 2534; 39.62; 6.33; 726; 208; 26; 34
 January 5, 2016; 13637; 13; 2947; 39.62; 8.18; 573; 361; 26; 34
 January 6, 2016; 10893; 18; 2713; 54.86; 6.54; 599; 320; 18; 19
 January 7, 2016; 16660; 40; 3204; 121.92; 10; 496; 387; 33; 51
 January 7, 2016; 16735; 41; 3214; 124.97; 10.04; 493; 390; 33; 51
 January 8, 2016; 12626; 61; 2735; 185.93; 7.58; 648; 278; 23; 32
 January 8, 2016; 14104; 61; 2942; 185.93; 8.46; 569; 357; 23; 32
 January 9, 2016; 11404; 10; 2562; 30.48; 6.84; 716; 181; 26; 40
 January 9, 2016; 14097; 12; 2938; 36.58; 8.46; 570; 327; 26; 40
 January 10, 2016; 11969; 26; 2860; 79.25; 7.18; 533; 270; 30; 40
 January 10, 2016; 13628; 16; 3110; 48.77; 8.18; 443; 360; 30; 40
 January 11, 2016; 11835; 21; 2717; 64.01; 7.1; 710; 253; 24; 41
 January 11, 2016; 12452; 21; 2815; 64.01; 7.47; 672; 291; 24; 41
 January 12, 2016; 12026; 14; 2736; 42.67; 7.22; 646; 237; 33; 38
 January 12, 2016; 12717; 15; 2835; 45.72; 7.63; 609; 274; 33; 38
 January 13, 2016; 12628; 33; 2795; 100.58; 7.58; 670; 273; 34; 38
 January 13, 2016; 14604; 38; 3124; 115.82; 8.76; 556; 387; 34; 38
 January 14, 2016; 18811; 19; 3338; 57.91; 11.29; 474; 406; 36; 59
 January 15, 2016; 11699; 34; 2844; 103.63; 7.02; 590; 320; 27; 23
 January 15, 2016; 12509; 34; 2980; 103.63; 7.51; 531; 379; 27; 23
 January 16, 2016; 12763; 11; 2930; 33.53; 7.66; 567; 363; 7; 39
 January 17, 2016; 5977; 4; 2253; 12.19; 3.59; 865; 184; 3; 5
 January 18, 2016; 9177; 7; 2513; 21.34; 5.51; 802; 149; 6; 50
 January 19, 2016; 5316; 40; 2152; 121.92; 3.19; 835; 131; 7; 12
 January 20, 2016; 4606; 0; 2142; 0; 2.76; 842; 135; 3; 10
 January 20, 2016; 4613; 0; 2142; 0; 2.77; 842; 135; 3; 10
 January 21, 2016; 4967; 19; 2279; 57.91; 2.98; 840; 152; 4; 7
 January 21, 2016; 5041; 19; 2296; 57.91; 3.02; 832; 160; 4; 7
 January 22, 2016; 6767; 4; 2227; 12.19; 4.06; 868; 122; 2; 27
 January 23, 2016; 25310; 235; 3602; 716.28; 15.19; 442; 143; 51; 182
 January 24, 2016; 6448; 25; 2648; 76.2; 3.87; 917; 266; 21; 4
 January 25, 2016; 9574; 74; 2574; 225.55; 5.74; 706; 252; 4; 36
 January 25, 2016; 9686; 74; 2591; 225.55; 5.81; 698; 260; 4; 36
 January 26, 2016; 2889; 1; 2051; 3.05; 1.73; 842; 142; 0; 0
 January 27, 2016; 3812; 0; 2022; 0; 2.29; 872; 110; 5; 5
 January 27, 2016; 3955; 0; 2046; 0; 2.37; 862; 120; 5; 5
 January 28, 2016; 10154; 41; 2562; 124.97; 6.09; 793; 110; 31; 67
 January 29, 2016; 3352; 1; 2165; 3.05; 2.01; 809; 170; 11; 1
 January 29, 2016; 3366; 1; 2170; 3.05; 2.02; 807; 172; 11; 1
 January 30, 2016; 10204; 102; 2656; 310.9; 6.12; 792; 180; 23; 55
 January 31, 2016; 5840; 6; 2447; 18.29; 3.55; 851; 166; 17; 7
 February 1, 2016; 10687; 8; 3067; 24.38; 6.41; 1076; 283; 40; 41
 February 1, 2016; 12121; 8; 3419; 24.38; 7.27; 971; 387; 40; 41
 February 2, 2016; 13346; 59; 3492; 179.83; 8.01; 482; 369; 83; 49
 February 2, 2016; 13372; 59; 3498; 179.83; 8.02; 481; 370; 83; 49
 February 3, 2016; 16943; 24; 3182; 73.15; 10.17; 573; 280; 54; 53
 February 3, 2016; 18946; 24; 3493; 73.15; 11.37; 541; 384; 54; 53
 February 4, 2016; 11910; 27; 2682; 82.3; 7.15; 572; 233; 15; 30
 February 4, 2016; 14334; 28; 3038; 85.34; 8.6; 445; 360; 15; 30
 February 5, 2016; 18298; 69; 3268; 210.31; 10.98; 453; 402; 39; 45
 February 6, 2016; 14493; 16; 3132; 48.77; 8.7; 520; 325; 38; 47
 February 6, 2016; 15641; 16; 3283; 48.77; 9.38; 459; 386; 38; 47
 February 7, 2016; 13001; 21; 2806; 64.01; 7.8; 561; 263; 42; 37
 February 7, 2016; 16200; 25; 3367; 76.2; 9.72; 370; 454; 42; 37
 February 8, 2016; 12638; 18; 2874; 54.86; 7.58; 579; 346; 25; 15
 February 8, 2016; 14025; 18; 3067; 54.86; 8.41; 506; 418; 26; 15
 February 9, 2016; 10051; 26; 2715; 79.25; 6.03; 481; 330; 15; 9
 February 9, 2016; 10110; 26; 2726; 79.25; 6.07; 476; 335; 15; 9
 February 10, 2016; 14175; 12; 2853; 36.58; 8.5; 607; 268; 34; 51
 February 10, 2016; 15665; 13; 3076; 39.62; 9.4; 521; 354; 34; 51
 February 11, 2016; 11143; 31; 2849; 94.49; 6.69; 567; 358; 24; 14
 February 12, 2016; 11822; 50; 2862; 152.4; 7.09; 627; 351; 31; 20
 February 12, 2016; 12365; 52; 2964; 158.5; 7.42; 590; 388; 31; 20
 February 13, 2016; 7924; 11; 2433; 33.53; 4.75; 616; 223; 14; 19
 February 13, 2016; 8393; 11; 2495; 33.53; 5.04; 594; 245; 14; 19
 February 14, 2016; 16051; 96; 3053; 292.61; 9.63; 427; 343; 31; 56
 February 14, 2016; 16071; 96; 3056; 292.61; 9.64; 426; 344; 31; 56
 February 15, 2016; 12160; 20; 2959; 60.96; 7.3; 584; 434; 0; 0
 February 16, 2016; 17198; 18; 3151; 54.86; 10.32; 523; 370; 22; 55
 February 16, 2016; 18751; 18; 3381; 54.86; 11.25; 445; 448; 22; 55
 February 17, 2016; 6709; 13; 2299; 39.62; 4.03; 846; 192; 6; 9
 February 17, 2016; 6738; 13; 2308; 39.62; 4.04; 842; 196; 6; 9
 February 17, 2016; 7104; 13; 2328; 39.62; 4.26; 841; 197; 6; 9
 February 18, 2016; 9548; 12; 2587; 36.58; 5.73; 943; 262; 4; 45
 February 19, 2016; 3199; 10; 2113; 30.48; 1.92; 730; 187; 0; 0
 February 20, 2016; 8574; 31; 2508; 94.49; 5.14; 712; 261; 4; 35
 February 21, 2016; 4838; 9; 2353; 27.43; 2.9; 756; 252; 10; 3
 February 22, 2016; 8188; 39; 2412; 118.87; 4.91; 716; 217; 8; 35
 February 23, 2016; 10061; 10; 2637; 30.48; 6.04; 731; 212; 11; 57
 February 24, 2016; 10593; 33; 2610; 100.58; 6.36; 774; 222; 13; 46
 February 25, 2016; 9924; 7; 2499; 21.34; 5.95; 770; 179; 4; 59
 February 25, 2016; 10072; 7; 2523; 21.34; 6.04; 759; 190; 4; 59
 February 26, 2016; 9795; 13; 2552; 39.62; 5.88; 813; 163; 8; 61
 February 26, 2016; 9852; 13; 2565; 39.62; 5.91; 809; 167; 8; 61
 February 27, 2016; 10261; 31; 2505; 94.49; 6.16; 715; 188; 1; 57
 February 28, 2016; 10437; 69; 2687; 210.31; 6.26; 795; 216; 23; 49
 February 29, 2016; 7422; 11; 2574; 33.53; 4.45; 822; 166; 26; 31
 March 1, 2016; 11014; 23; 2657; 70.1; 6.61; 1162; 214; 26; 38
 March 1, 2016; 11731; 23; 2761; 70.1; 7.04; 983; 248; 26; 38
 March 2, 2016; 9050; 11; 2695; 33.53; 5.43; 515; 199; 33; 41
 March 2, 2016; 9854; 11; 2843; 33.53; 5.91; 474; 240; 33; 41
 March 3, 2016; 15503; 15; 3266; 45.72; 9.3; 658; 358; 41; 58
 March 4, 2016; 11124; 23; 2597; 70.1; 6.67; 678; 135; 43; 58
 March 4, 2016; 12912; 26; 2910; 79.25; 7.74; 576; 237; 43; 58
 March 4, 2016; 12952; 26; 2914; 79.25; 7.77; 573; 240; 43; 58
 March 5, 2016; 14026; 51; 3246; 155.45; 8.42; 611; 299; 47; 61
 March 5, 2016; 14302; 52; 3284; 158.5; 8.58; 598; 312; 47; 61
 March 6, 2016; 12140; 14; 2921; 42.67; 7.28; 481; 340; 17; 34
 March 7, 2016; 15925; 40; 3113; 121.92; 9.56; 583; 282; 41; 70
 March 7, 2016; 16981; 43; 3270; 131.06; 10.19; 526; 339; 41; 70
 March 8, 2016; 12038; 25; 2753; 76.2; 7.22; 692; 285; 12; 16
 March 8, 2016; 12471; 25; 2781; 76.2; 7.48; 686; 291; 12; 16
 March 8, 2016; 13157; 33; 2923; 100.58; 7.89; 644; 325; 20; 16
 March 9, 2016; 18759; 33; 3650; 100.58; 11.24; 427; 417; 80; 50
 March 10, 2016; 12366; 3; 2959; 9.14; 7.42; 648; 243; 62; 45
 March 10, 2016; 14574; 4; 3320; 12.19; 8.74; 538; 341; 74; 45
 March 11, 2016; 15123; 21; 3311; 64.01; 9.07; 596; 297; 76; 66
 March 11, 2016; 17228; 25; 3640; 76.2; 10.32; 490; 403; 76; 66
 March 12, 2016; 20310; 6; 3554; 18.29; 12.19; 533; 383; 65; 81
 March 12, 2016; 21500; 6; 3758; 18.29; 12.9; 458; 458; 65; 81
 March 13, 2016; 9125; 8; 2683; 24.38; 5.48; 538; 303; 30; 8
 March 13, 2016; 11081; 9; 2999; 27.43; 6.65; 436; 396; 39; 8
 March 14, 2016; 17324; 17; 3217; 51.82; 10.39; 522; 316; 48; 70
 March 14, 2016; 17590; 17; 3250; 51.82; 10.55; 509; 329; 48; 70
 March 15, 2016; 18556; 26; 3704; 79.25; 11.13; 510; 249; 123; 104
 March 15, 2016; 19898; 26; 3943; 79.25; 11.93; 423; 336; 123; 104
 March 16, 2016; 17369; 21; 3586; 64.01; 10.42; 573; 297; 97; 82
 March 16, 2016; 18190; 21; 3744; 64.01; 10.91; 508; 347; 97; 82
 March 17, 2016; 14129; 24; 3036; 73.15; 8.48; 623; 305; 43; 45
 March 17, 2016; 15581; 28; 3263; 85.34; 9.35; 540; 380; 43; 45
 March 18, 2016; 11956; 70; 2809; 213.36; 7.17; 602; 222; 43; 42
 March 18, 2016; 15288; 80; 3370; 243.84; 9.16; 433; 378; 56; 42
 March 19, 2016; 10761; 37; 3548; 112.78; 6.46; 472; 276; 96; 43
 March 20, 2016; 17089; 35; 3448; 106.68; 10.24; 450; 397; 45; 48
 March 20, 2016; 17306; 35; 3497; 106.68; 10.38; 434; 413; 45; 48
 March 21, 2016; 13671; 37; 3116; 112.78; 8.2; 614; 316; 34; 32
 March 21, 2016; 13872; 41; 3242; 124.97; 7.95; 647; 296; 24; 29
 March 22, 2016; 4755; 5; 2135; 15.24; 2.85; 949; 119; 6; 6
 March 22, 2016; 5391; 11; 2324; 33.53; 3.23; 887; 181; 6; 6
 March 23, 2016; 3859; 20; 2285; 60.96; 2.32; 844; 152; 6; 9
 March 23, 2016; 4027; 21; 2312; 64.01; 2.42; 832; 164; 6; 9
 March 24, 2016; 7187; 8; 2413; 24.38; 5.01; 833; 124; 44; 18
 March 24, 2016; 7309; 8; 2440; 24.38; 5.1; 823; 134; 44; 18
 March 25, 2016; 10952; 15; 2824; 45.72; 8.14; 724; 205; 37; 38
 March 26, 2016; 12882; 36; 2811; 109.73; 9.57; 683; 121; 164; 20
 March 26, 2016; 13554; 36; 2947; 109.73; 10.07; 634; 170; 164; 20
 March 27, 2016; 6455; 0; 2384; 0; 4.8; 773; 183; 16; 21
 March 28, 2016; 6712; 6; 2367; 18.29; 4.99; 827; 128; 21; 24
 March 28, 2016; 7063; 6; 2433; 18.29; 5.25; 799; 156; 21; 24
 March 29, 2016; 5302; 12; 2315; 36.58; 3.94; 852; 145; 15; 17
 March 30, 2016; 7759; 12; 2617; 36.58; 5.77; 769; 161; 34; 37
 March 30, 2016; 7991; 12; 2647; 36.58; 5.94; 739; 173; 34; 37
 March 31, 2016; 7161; 1; 2448; 3.05; 5.39; 794; 163; 17; 26
 April 1, 2016; 7125; 4; 2349; 12.19; 5.99; 859; 107; 22; 32
 April 1, 2016; 7450; 4; 2410; 12.19; 5.99; 836; 130; 22; 32
 April 2, 2016; 10890; 11; 2677; 33.53; 9.2; 737; 176; 46; 41
 April 3, 2016; 17207; 20; 3110; 60.96; 14.9; 700; 164; 77; 86
 April 3, 2016; 17331; 20; 3149; 60.96; 14.9; 688; 176; 77; 86
 April 4, 2016; 4056; 16; 2253; 48.77; 3.01; 869; 147; 10; 8
 April 5, 2016; 5531; 10; 2533; 30.48; 4.11; 811; 198; 7; 9
 April 5, 2016; 5686; 10; 2571; 30.48; 4.22; 798; 211; 7; 9
 April 6, 2016; 6242; 12; 2341; 36.58; 4.64; 914; 148; 14; 22
 April 7, 2016; 6470; 22; 2403; 67.06; 4.81; 851; 162; 15; 20
 April 7, 2016; 6638; 22; 2429; 67.06; 4.93; 841; 172; 15; 20
 April 8, 2016; 7093; 16; 2563; 48.77; 5.27; 813; 203; 13; 19
 April 8, 2016; 7488; 16; 2647; 48.77; 5.55; 787; 229; 13; 19
 April 9, 2016; 12411; 3; 2682; 9.14; 9.22; 830; 139; 39; 60
 April 9, 2016; 13329; 3; 2903; 9.14; 9.9; 776; 193; 39; 60
 April 10, 2016; 12562; 15; 2876; 45.72; 9.33; 732; 180; 17; 82
 April 11, 2016; 7532; 15; 2499; 45.72; 5.6; 826; 146; 28; 34
 April 11, 2016; 7735; 15; 2544; 45.72; 5.75; 808; 161; 28; 34
 April 12, 2016; 6828; 32; 2580; 97.54; 5.07; 769; 189; 25; 21
 April 13, 2016; 7275; 1; 2576; 3.05; 5.41; 796; 184; 22; 31
 April 13, 2016; 7298; 1; 2580; 3.05; 5.41; 795; 185; 22; 31
 April 14, 2016; 7782; 8; 2639; 24.38; 5.78; 751; 192; 35; 31
 April 14, 2016; 7823; 8; 2647; 24.38; 5.81; 732; 195; 35; 31
 April 15, 2016; 6480; 17; 2376; 51.82; 4.81; 867; 152; 18; 18
 April 15, 2016; 7168; 22; 2524; 67.06; 5.33; 691; 174; 33; 18
 April 16, 2016; 16148; 35; 3416; 106.68; 12; 787; 308; 70; 61
 April 16, 2016; 16170; 35; 3418; 106.68; 12.01; 786; 309; 70; 61
 April 17, 2016; 11234; 9; 3244; 27.43; 8.35; 609; 320; 27; 44
 April 17, 2016; 11303; 9; 3268; 27.43; 8.4; 603; 326; 27; 44
 April 18, 2016; 17771; 35; 3349; 106.68; 13.2; 634; 226; 59; 94
 April 18, 2016; 17799; 35; 3352; 106.68; 13.22; 632; 228; 59; 94
 April 18, 2016; 20394; 35; 3831; 106.68; 15.15; 503; 338; 77; 95
 April 19, 2016; 11433; 19; 2743; 57.91; 8.49; 739; 151; 36; 55
 April 19, 2016; 11744; 19; 2763; 57.91; 8.73; 732; 155; 38; 56
 April 19, 2016; 16666; 21; 3607; 64.01; 12.38; 494; 355; 73; 59
 April 20, 2016; 15381; 12; 3275; 36.58; 11.43; 613; 365; 17; 50
 April 21, 2016; 19374; 15; 3579; 45.72; 14.4; 540; 346; 70; 74
 April 22, 2016; 17607; 32; 3285; 97.54; 13.08; 575; 330; 37; 64
 April 22, 2016; 17667; 32; 3305; 97.54; 13.12; 571; 334; 37; 64
 April 23, 2016; 15782; 31; 3328; 94.49; 11.73; 464; 361; 25; 50
 April 23, 2016; 15834; 31; 3338; 94.49; 11.75; 460; 365; 25; 50
 April 24, 2016; 12912; 5; 3024; 15.24; 9.59; 501; 425; 13; 9
 April 24, 2016; 13108; 5; 3058; 15.24; 9.74; 490; 436; 13; 9
 April 25, 2016; 9647; 21; 2580; 64.01; 7.15; 654; 217; 29; 18
 April 25, 2016; 11896; 27; 2882; 82.3; 8.84; 579; 281; 35; 23
 April 26, 2016; 8748; 4; 2419; 12.19; 7.08; 827; 149; 31; 29
 April 26, 2016; 9451; 5; 2589; 15.24; 7.08; 765; 211; 31; 29
 April 27, 2016; 9173; 11; 2514; 33.53; 6.82; 780; 204; 30; 25
 April 28, 2016; 8357; 11; 2521; 33.53; 6.21; 809; 159; 33; 30
 April 28, 2016; 8848; 11; 2626; 33.53; 6.57; 767; 201; 33; 30
 April 29, 2016; 4769; 15; 2212; 45.72; 3.54; 845; 173; 8; 7
 April 29, 2016; 6088; 15; 2384; 45.72; 4.52; 778; 240; 8; 7
 April 30, 2016; 19637; 8; 3298; 24.38; 14.58; 611; 274; 79; 78
 April 30, 2016; 19655; 8; 3303; 24.38; 14.6; 603; 276; 79; 78
 May 1, 2016; 21583; 23; 3296; 70.1; 16.04; 660; 104; 42; 163
 May 1, 2016; 22149; 23; 3413; 70.1; 16.46; 599; 139; 42; 163
 May 2, 2016; 7256; 10; 2443; 30.48; 5.39; 766; 204; 7; 24
 May 3, 2016; 9921; 3; 2618; 9.14; 7.37; 752; 168; 46; 40
 May 3, 2016; 10132; 3; 2652; 9.14; 7.53; 739; 181; 46; 40
 May 4, 2016; 8516; 10; 2594; 30.48; 6.33; 759; 217; 24; 32
 May 5, 2016; 9785; 14; 2546; 42.67; 7.27; 791; 116; 49; 46
 May 5, 2016; 11735; 15; 2907; 45.72; 8.72; 661; 238; 49; 46
 May 6, 2016; 7351; 2; 2629; 6.1; 5.46; 710; 238; 16; 24
 May 7, 2016; 15056; 81; 3118; 246.89; 11.19; 658; 208; 169; 4
 May 7, 2016; 15129; 81; 3137; 246.89; 11.24; 643; 217; 169; 4
 May 8, 2016; 11920; 23; 3000; 70.1; 8.86; 659; 266; 40; 50
 May 9, 2016; 7693; 31; 2562; 94.49; 5.83; 771; 181; 16; 28
 May 10, 2016; 7888; 10; 2539; 30.48; 5.85; 783; 199; 11; 24
 May 11, 2016; 7742; 4; 2413; 12.19; 5.84; 821; 134; 13; 40
 May 11, 2016; 8178; 6; 2507; 18.29; 6.08; 787; 168; 13; 40
 May 12, 2016; 5828; 11; 2485; 33.53; 4.33; 863; 168; 11; 18
 May 13, 2016; 9692; 2; 2557; 6.1; 7.2; 816; 162; 23; 45
 May 13, 2016; 9713; 2; 2558; 6.1; 7.22; 814; 164; 23; 45
 May 13, 2016; 10310; 2; 2669; 6.1; 7.65; 772; 199; 23; 45
 May 14, 2016; 11418; 17; 2717; 51.82; 8.48; 737; 172; 40; 55
 May 14, 2016; 12806; 18; 2961; 54.86; 9.5; 659; 250; 40; 55
 May 15, 2016; 12163; 12; 2762; 36.58; 9.04; 790; 205; 31; 55
 May 15, 2016; 12182; 12; 2766; 36.58; 9.05; 788; 207; 31; 55
 May 16, 2016; 9247; 5; 2601; 15.24; 7.14; 783; 169; 24; 38
 May 17, 2016; 10136; 9; 2699; 27.43; 7.53; 730; 201; 30; 48
 May 18, 2016; 8999; 16; 2523; 48.77; 6.68; 831; 159; 30; 37
 May 18, 2016; 9775; 16; 2706; 48.77; 7.26; 778; 201; 41; 37
 May 25, 2016; 15446; 13; 3251; 39.62; 11.48; 608; 346; 38; 50
