In bed start,In bed Finish,Minutes in bed,Minutes asleep,Time to fall sleep,Number of sleep periods,Sleep 1 start,Sleep 1 finish
22-Aug-2015 00:25,22-Aug-2015 09:25,540.0,506.0,6.0,1,22-Aug-2015 00:31,22-Aug-2015 08:57
23-Aug-2015 02:11,23-Aug-2015 10:25,494.0,472.0,5.0,1,23-Aug-2015 02:16,23-Aug-2015 10:08
24-Aug-2015 02:40,24-Aug-2015 07:53,313.0,0.0,0.0,0
25-Aug-2015 03:14,25-Aug-2015 09:32,378.0,356.0,5.0,1,25-Aug-2015 03:19,25-Aug-2015 09:15
26-Aug-2015 01:47,26-Aug-2015 07:17,330.0,315.0,11.0,1,26-Aug-2015 01:58,26-Aug-2015 07:13
27-Aug-2015 02:36,27-Aug-2015 09:08,392.0,386.0,2.0,1,27-Aug-2015 02:38,27-Aug-2015 09:04
28-Aug-2015 02:38,28-Aug-2015 09:12,394.0,376.0,7.0,1,28-Aug-2015 02:45,28-Aug-2015 09:01
29-Aug-2015 02:19,29-Aug-2015 10:51,512.0,497.0,3.0,1,29-Aug-2015 02:22,29-Aug-2015 10:39
30-Aug-2015 01:37,30-Aug-2015 09:55,498.0,474.0,6.0,1,30-Aug-2015 01:43,30-Aug-2015 09:37
31-Aug-2015 02:12,31-Aug-2015 08:09,357.0,353.0,2.0,1,31-Aug-2015 02:14,31-Aug-2015 08:07
01-Sep-2015 01:35,01-Sep-2015 09:20,465.0,445.0,6.0,1,01-Sep-2015 01:41,01-Sep-2015 09:06
02-Sep-2015 01:53,02-Sep-2015 06:15,262.0,247.0,0.0,1,02-Sep-2015 01:53,02-Sep-2015 06:00
03-Sep-2015 02:08,03-Sep-2015 09:59,471.0,437.0,1.0,1,03-Sep-2015 02:09,03-Sep-2015 09:26
04-Sep-2015 01:14,04-Sep-2015 08:05,411.0,401.0,2.0,1,04-Sep-2015 01:16,04-Sep-2015 07:57
05-Sep-2015 01:37,05-Sep-2015 10:36,539.0,520.0,3.0,1,05-Sep-2015 01:40,05-Sep-2015 10:20
06-Sep-2015 01:33,06-Sep-2015 14:12,759.0,732.0,2.0,1,06-Sep-2015 01:35,06-Sep-2015 13:47
07-Sep-2015 05:54,07-Sep-2015 15:30,576.0,537.0,4.0,1,07-Sep-2015 05:58,07-Sep-2015 14:55
08-Sep-2015 07:48,08-Sep-2015 15:18,450.0,0.0,0.0,0
09-Sep-2015 07:17,09-Sep-2015 13:52,395.0,385.0,2.0,1,09-Sep-2015 07:19,09-Sep-2015 13:44
10-Sep-2015 08:41,10-Sep-2015 15:41,420.0,0.0,0.0,0
11-Sep-2015 06:37,11-Sep-2015 13:01,384.0,0.0,0.0,0
12-Sep-2015 08:40,12-Sep-2015 15:02,382.0,0.0,0.0,0
13-Sep-2015 06:29,13-Sep-2015 12:19,350.0,0.0,0.0,0
14-Sep-2015 06:28,14-Sep-2015 11:29,301.0,291.0,2.0,1,14-Sep-2015 06:30,14-Sep-2015 11:21
15-Sep-2015 06:22,15-Sep-2015 12:29,367.0,348.0,10.0,1,15-Sep-2015 06:32,15-Sep-2015 12:20
16-Sep-2015 06:34,16-Sep-2015 12:31,357.0,333.0,0.0,1,16-Sep-2015 06:34,16-Sep-2015 12:07
17-Sep-2015 04:06,17-Sep-2015 12:32,506.0,486.0,0.0,1,17-Sep-2015 04:06,17-Sep-2015 12:12
18-Sep-2015 05:51,18-Sep-2015 12:02,371.0,345.0,0.0,1,18-Sep-2015 05:51,18-Sep-2015 11:36
19-Sep-2015 05:22,19-Sep-2015 12:21,419.0,0.0,0.0,0
20-Sep-2015 04:54,20-Sep-2015 12:36,462.0,438.0,0.0,1,20-Sep-2015 04:54,20-Sep-2015 12:12
21-Sep-2015 04:45,21-Sep-2015 12:30,465.0,0.0,0.0,0
22-Sep-2015 06:54,22-Sep-2015 12:40,346.0,0.0,0.0,0
23-Sep-2015 00:55,23-Sep-2015 07:29,394.0,0.0,0.0,0
24-Sep-2015 00:18,24-Sep-2015 07:33,435.0,0.0,0.0,0
25-Sep-2015 00:34,25-Sep-2015 06:23,349.0,0.0,0.0,0
26-Sep-2015 00:37,26-Sep-2015 07:35,418.0,0.0,0.0,0
27-Sep-2015 00:35,27-Sep-2015 06:58,383.0,0.0,0.0,0
28-Sep-2015 00:05,28-Sep-2015 06:29,384.0,0.0,0.0,0
29-Sep-2015 00:38,29-Sep-2015 06:54,376.0,0.0,0.0,0
30-Sep-2015 00:14,30-Sep-2015 06:30,376.0,0.0,0.0,0
01-Oct-2015 04:08,01-Oct-2015 07:39,211.0,0.0,0.0,0
02-Oct-2015 03:38,02-Oct-2015 05:19,101.0,88.0,0.0,1,02-Oct-2015 03:38,02-Oct-2015 05:06
03-Oct-2015 00:27,03-Oct-2015 08:51,504.0,0.0,0.0,0
04-Oct-2015 01:02,04-Oct-2015 09:14,492.0,0.0,0.0,0
05-Oct-2015 01:02,05-Oct-2015 06:59,357.0,0.0,0.0,0
06-Oct-2015 02:12,06-Oct-2015 10:23,491.0,457.0,0.0,1,06-Oct-2015 02:12,06-Oct-2015 09:49
07-Oct-2015 02:09,07-Oct-2015 09:44,455.0,435.0,0.0,1,07-Oct-2015 02:09,07-Oct-2015 09:24
08-Oct-2015 01:55,08-Oct-2015 09:33,458.0,456.0,0.0,1,08-Oct-2015 01:55,08-Oct-2015 09:31
09-Oct-2015 01:39,09-Oct-2015 08:31,412.0,396.0,0.0,1,09-Oct-2015 01:39,09-Oct-2015 08:15
10-Oct-2015 01:18,10-Oct-2015 09:08,470.0,456.0,0.0,1,10-Oct-2015 01:18,10-Oct-2015 08:54
11-Oct-2015 02:09,11-Oct-2015 09:46,457.0,0.0,0.0,0
12-Oct-2015 00:52,12-Oct-2015 08:14,442.0,411.0,0.0,1,12-Oct-2015 00:52,12-Oct-2015 07:43
13-Oct-2015 01:21,13-Oct-2015 08:06,405.0,395.0,0.0,1,13-Oct-2015 01:21,13-Oct-2015 07:56
14-Oct-2015 01:01,14-Oct-2015 08:30,449.0,427.0,0.0,1,14-Oct-2015 01:01,14-Oct-2015 08:08
15-Oct-2015 01:35,15-Oct-2015 07:54,379.0,370.0,0.0,1,15-Oct-2015 01:35,15-Oct-2015 07:45
16-Oct-2015 00:51,16-Oct-2015 08:01,430.0,424.0,0.0,1,16-Oct-2015 00:51,16-Oct-2015 07:55
17-Oct-2015 01:41,17-Oct-2015 08:18,397.0,386.0,0.0,1,17-Oct-2015 01:41,17-Oct-2015 08:07
18-Oct-2015 01:34,18-Oct-2015 10:33,539.0,511.0,0.0,1,18-Oct-2015 01:34,18-Oct-2015 10:05
19-Oct-2015 01:47,19-Oct-2015 08:26,399.0,0.0,0.0,0
20-Oct-2015 01:00,20-Oct-2015 08:33,453.0,440.0,0.0,1,20-Oct-2015 01:00,20-Oct-2015 08:20
21-Oct-2015 01:32,21-Oct-2015 07:46,374.0,368.0,0.0,1,21-Oct-2015 01:32,21-Oct-2015 07:40
22-Oct-2015 01:34,22-Oct-2015 09:43,489.0,448.0,0.0,1,22-Oct-2015 01:34,22-Oct-2015 09:02
23-Oct-2015 01:23,23-Oct-2015 07:27,364.0,0.0,0.0,0
23-Oct-2015 23:04,24-Oct-2015 08:59,595.0,576.0,0.0,1,23-Oct-2015 23:04,24-Oct-2015 08:40
25-Oct-2015 01:55,25-Oct-2015 08:14,379.0,0.0,0.0,0
26-Oct-2015 01:57,26-Oct-2015 08:29,392.0,0.0,0.0,0
27-Oct-2015 01:50,27-Oct-2015 09:02,432.0,0.0,0.0,0
28-Oct-2015 02:13,28-Oct-2015 08:29,376.0,0.0,0.0,0
29-Oct-2015 02:32,29-Oct-2015 09:39,427.0,0.0,0.0,0
30-Oct-2015 01:53,30-Oct-2015 08:49,416.0,0.0,0.0,0
31-Oct-2015 00:45,31-Oct-2015 07:40,415.0,0.0,0.0,0
01-Nov-2015 01:54,01-Nov-2015 09:32,458.0,0.0,0.0,0
02-Nov-2015 01:56,02-Nov-2015 08:24,388.0,375.0,0.0,1,02-Nov-2015 01:56,02-Nov-2015 08:11
03-Nov-2015 01:21,03-Nov-2015 08:30,429.0,420.0,0.0,1,03-Nov-2015 01:21,03-Nov-2015 08:21
04-Nov-2015 01:45,04-Nov-2015 10:15,510.0,504.0,0.0,1,04-Nov-2015 01:45,04-Nov-2015 10:09
05-Nov-2015 01:01,05-Nov-2015 08:30,449.0,429.0,0.0,1,05-Nov-2015 01:01,05-Nov-2015 08:10
06-Nov-2015 02:16,06-Nov-2015 08:46,390.0,375.0,0.0,1,06-Nov-2015 02:16,06-Nov-2015 08:31
07-Nov-2015 00:54,07-Nov-2015 07:51,417.0,403.0,0.0,1,07-Nov-2015 00:54,07-Nov-2015 07:37
08-Nov-2015 02:20,08-Nov-2015 08:41,381.0,359.0,0.0,1,08-Nov-2015 02:20,08-Nov-2015 08:19
09-Nov-2015 01:00,09-Nov-2015 09:34,514.0,470.0,0.0,1,09-Nov-2015 01:00,09-Nov-2015 08:50
10-Nov-2015 00:50,10-Nov-2015 08:36,466.0,430.0,0.0,1,10-Nov-2015 00:50,10-Nov-2015 08:00
11-Nov-2015 01:59,11-Nov-2015 08:56,417.0,390.0,0.0,1,11-Nov-2015 01:59,11-Nov-2015 08:29
12-Nov-2015 02:21,12-Nov-2015 09:59,458.0,0.0,0.0,0
13-Nov-2015 02:13,13-Nov-2015 09:03,410.0,395.0,0.0,1,13-Nov-2015 02:13,13-Nov-2015 08:48
14-Nov-2015 02:10,14-Nov-2015 11:16,546.0,0.0,0.0,0
15-Nov-2015 01:45,15-Nov-2015 08:27,402.0,0.0,0.0,0
16-Nov-2015 01:37,16-Nov-2015 09:08,451.0,0.0,0.0,0
17-Nov-2015 01:42,17-Nov-2015 08:29,407.0,0.0,0.0,0
18-Nov-2015 01:17,18-Nov-2015 07:33,376.0,0.0,0.0,0
19-Nov-2015 03:35,19-Nov-2015 10:27,412.0,0.0,0.0,0
20-Nov-2015 01:04,20-Nov-2015 09:11,487.0,0.0,0.0,0
21-Nov-2015 00:50,21-Nov-2015 07:32,402.0,0.0,0.0,0
22-Nov-2015 01:56,22-Nov-2015 10:59,543.0,0.0,0.0,0
23-Nov-2015 01:08,23-Nov-2015 08:31,443.0,417.0,0.0,1,23-Nov-2015 01:08,23-Nov-2015 08:05
24-Nov-2015 00:54,24-Nov-2015 09:08,494.0,476.0,0.0,1,24-Nov-2015 00:54,24-Nov-2015 08:50
25-Nov-2015 01:13,25-Nov-2015 07:35,382.0,371.0,0.0,1,25-Nov-2015 01:13,25-Nov-2015 07:24
26-Nov-2015 00:21,26-Nov-2015 08:31,490.0,459.0,0.0,1,26-Nov-2015 00:21,26-Nov-2015 08:00
27-Nov-2015 01:14,27-Nov-2015 08:16,422.0,419.0,0.0,1,27-Nov-2015 01:14,27-Nov-2015 08:13
28-Nov-2015 01:43,28-Nov-2015 09:18,455.0,436.0,0.0,1,28-Nov-2015 01:43,28-Nov-2015 08:59
29-Nov-2015 02:21,29-Nov-2015 16:40,859.0,844.0,0.0,1,29-Nov-2015 02:21,29-Nov-2015 16:25
30-Nov-2015 07:39,30-Nov-2015 15:10,451.0,428.0,0.0,1,30-Nov-2015 07:39,30-Nov-2015 14:47
01-Dec-2015 06:46,01-Dec-2015 14:28,462.0,444.0,0.0,1,01-Dec-2015 06:46,01-Dec-2015 14:10
02-Dec-2015 07:24,02-Dec-2015 14:02,398.0,0.0,0.0,0
03-Dec-2015 07:50,03-Dec-2015 15:00,430.0,424.0,0.0,1,03-Dec-2015 07:50,03-Dec-2015 14:54
04-Dec-2015 06:35,04-Dec-2015 14:28,473.0,435.0,0.0,1,04-Dec-2015 06:35,04-Dec-2015 13:50
05-Dec-2015 07:11,05-Dec-2015 15:39,508.0,497.0,0.0,1,05-Dec-2015 07:11,05-Dec-2015 15:28
06-Dec-2015 07:55,06-Dec-2015 15:51,476.0,0.0,0.0,0
07-Dec-2015 06:58,07-Dec-2015 13:27,389.0,0.0,0.0,0
08-Dec-2015 07:23,08-Dec-2015 13:33,370.0,358.0,0.0,1,08-Dec-2015 07:23,08-Dec-2015 13:21
09-Dec-2015 05:00,09-Dec-2015 13:31,511.0,480.0,0.0,1,09-Dec-2015 05:00,09-Dec-2015 13:00
10-Dec-2015 05:21,10-Dec-2015 13:34,493.0,461.0,0.0,1,10-Dec-2015 05:21,10-Dec-2015 13:02
11-Dec-2015 05:43,11-Dec-2015 13:57,494.0,456.0,0.0,1,11-Dec-2015 05:43,11-Dec-2015 13:19
12-Dec-2015 00:08,12-Dec-2015 06:59,411.0,369.0,0.0,1,12-Dec-2015 00:08,12-Dec-2015 06:17
13-Dec-2015 00:19,13-Dec-2015 06:56,397.0,386.0,0.0,1,13-Dec-2015 00:19,13-Dec-2015 06:45
14-Dec-2015 00:07,14-Dec-2015 07:11,424.0,415.0,0.0,1,14-Dec-2015 00:07,14-Dec-2015 07:02
14-Dec-2015 23:56,15-Dec-2015 07:32,456.0,422.0,0.0,1,14-Dec-2015 23:56,15-Dec-2015 06:58
15-Dec-2015 23:50,16-Dec-2015 07:01,431.0,398.0,0.0,1,15-Dec-2015 23:50,16-Dec-2015 06:28
17-Dec-2015 00:07,17-Dec-2015 07:09,422.0,398.0,0.0,1,17-Dec-2015 00:07,17-Dec-2015 06:45
18-Dec-2015 00:05,18-Dec-2015 07:18,433.0,0.0,0.0,0
19-Dec-2015 00:19,19-Dec-2015 06:34,375.0,330.0,0.0,1,19-Dec-2015 00:19,19-Dec-2015 05:49
21-Dec-2015 00:13,21-Dec-2015 06:57,404.0,387.0,0.0,1,21-Dec-2015 00:13,21-Dec-2015 06:40
22-Dec-2015 01:05,22-Dec-2015 07:38,393.0,363.0,0.0,1,22-Dec-2015 01:05,22-Dec-2015 07:08
23-Dec-2015 02:06,23-Dec-2015 10:26,500.0,490.0,0.0,1,23-Dec-2015 02:06,23-Dec-2015 10:16
24-Dec-2015 01:44,24-Dec-2015 10:14,510.0,502.0,0.0,1,24-Dec-2015 01:44,24-Dec-2015 10:06
25-Dec-2015 01:20,25-Dec-2015 08:18,418.0,410.0,0.0,1,25-Dec-2015 01:20,25-Dec-2015 08:10
26-Dec-2015 01:09,26-Dec-2015 10:27,558.0,542.0,0.0,1,26-Dec-2015 01:09,26-Dec-2015 10:11
27-Dec-2015 02:29,27-Dec-2015 10:24,475.0,0.0,0.0,0
28-Dec-2015 01:12,28-Dec-2015 07:28,376.0,333.0,0.0,1,28-Dec-2015 01:12,28-Dec-2015 06:45
29-Dec-2015 05:08,29-Dec-2015 09:56,288.0,270.0,0.0,1,29-Dec-2015 05:08,29-Dec-2015 09:38
30-Dec-2015 01:06,30-Dec-2015 08:43,457.0,387.0,0.0,1,30-Dec-2015 01:06,30-Dec-2015 07:33
31-Dec-2015 01:58,31-Dec-2015 08:56,418.0,0.0,0.0,0
01-Jan-2016 02:24,01-Jan-2016 09:25,421.0,404.0,0.0,1,01-Jan-2016 02:24,01-Jan-2016 09:08
02-Jan-2016 01:04,02-Jan-2016 08:56,472.0,0.0,0.0,0
03-Jan-2016 03:20,03-Jan-2016 09:46,386.0,0.0,0.0,0
04-Jan-2016 01:19,04-Jan-2016 09:38,499.0,0.0,0.0,0
05-Jan-2016 02:04,05-Jan-2016 09:30,446.0,0.0,0.0,0
06-Jan-2016 01:13,06-Jan-2016 09:17,484.0,0.0,0.0,0
07-Jan-2016 01:18,07-Jan-2016 09:11,473.0,0.0,0.0,0
08-Jan-2016 01:19,08-Jan-2016 15:58,879.0,0.0,0.0,0
09-Jan-2016 08:01,09-Jan-2016 15:58,477.0,0.0,0.0,0
10-Jan-2016 08:28,10-Jan-2016 17:55,567.0,0.0,0.0,0
11-Jan-2016 09:14,11-Jan-2016 16:06,412.0,0.0,0.0,0
12-Jan-2016 08:19,12-Jan-2016 16:25,486.0,0.0,0.0,0
13-Jan-2016 08:45,13-Jan-2016 14:29,344.0,0.0,0.0,0
14-Jan-2016 08:01,14-Jan-2016 15:46,465.0,446.0,0.0,1,14-Jan-2016 08:01,14-Jan-2016 15:27
15-Jan-2016 08:44,15-Jan-2016 16:44,480.0,0.0,0.0,0
16-Jan-2016 07:33,16-Jan-2016 15:17,464.0,0.0,0.0,0
17-Jan-2016 07:07,17-Jan-2016 13:30,383.0,0.0,0.0,0
18-Jan-2016 06:38,18-Jan-2016 13:29,411.0,0.0,0.0,0
19-Jan-2016 05:38,19-Jan-2016 13:35,477.0,0.0,0.0,0
20-Jan-2016 05:46,20-Jan-2016 13:30,464.0,0.0,0.0,0
21-Jan-2016 06:33,21-Jan-2016 13:50,437.0,0.0,0.0,0
22-Jan-2016 06:28,22-Jan-2016 13:29,421.0,410.0,0.0,1,22-Jan-2016 06:28,22-Jan-2016 13:18
23-Jan-2016 05:59,23-Jan-2016 14:18,499.0,472.0,0.0,1,23-Jan-2016 05:59,23-Jan-2016 13:51
23-Jan-2016 21:56,24-Jan-2016 03:51,355.0,326.0,0.0,1,23-Jan-2016 21:56,24-Jan-2016 03:22
25-Jan-2016 00:07,25-Jan-2016 07:29,442.0,415.0,0.0,1,25-Jan-2016 00:07,25-Jan-2016 07:02
26-Jan-2016 00:04,26-Jan-2016 07:40,456.0,431.0,0.0,1,26-Jan-2016 00:04,26-Jan-2016 07:15
27-Jan-2016 00:02,27-Jan-2016 07:30,448.0,424.0,0.0,1,27-Jan-2016 00:02,27-Jan-2016 07:06
28-Jan-2016 00:09,28-Jan-2016 07:28,439.0,422.0,0.0,1,28-Jan-2016 00:09,28-Jan-2016 07:11
29-Jan-2016 00:18,29-Jan-2016 07:47,449.0,430.0,0.0,1,29-Jan-2016 00:18,29-Jan-2016 07:28
30-Jan-2016 00:17,30-Jan-2016 06:47,390.0,375.0,0.0,1,30-Jan-2016 00:17,30-Jan-2016 06:32
31-Jan-2016 00:21,31-Jan-2016 07:00,399.0,372.0,0.0,1,31-Jan-2016 00:21,31-Jan-2016 06:33
01-Feb-2016 23:59,02-Feb-2016 07:37,458.0,0.0,0.0,0
03-Feb-2016 02:56,03-Feb-2016 09:44,408.0,0.0,0.0,0
04-Feb-2016 00:46,04-Feb-2016 07:57,431.0,0.0,0.0,0
05-Feb-2016 01:38,05-Feb-2016 07:33,355.0,340.0,0.0,1,05-Feb-2016 01:38,05-Feb-2016 07:18
06-Feb-2016 02:15,06-Feb-2016 10:45,510.0,480.0,0.0,1,06-Feb-2016 02:15,06-Feb-2016 10:15
07-Feb-2016 01:06,07-Feb-2016 10:03,537.0,0.0,0.0,0
08-Feb-2016 01:03,08-Feb-2016 14:58,835.0,0.0,0.0,0
09-Feb-2016 07:09,09-Feb-2016 17:14,605.0,0.0,0.0,0
10-Feb-2016 07:04,10-Feb-2016 15:04,480.0,475.0,4.0,1,10-Feb-2016 07:08,10-Feb-2016 15:03
11-Feb-2016 06:49,11-Feb-2016 14:46,477.0,0.0,0.0,0
12-Feb-2016 06:37,12-Feb-2016 13:28,411.0,387.0,0.0,1,12-Feb-2016 06:37,12-Feb-2016 13:04
13-Feb-2016 07:14,13-Feb-2016 15:41,507.0,0.0,0.0,0
14-Feb-2016 06:40,14-Feb-2016 16:23,583.0,0.0,0.0,0
15-Feb-2016 07:32,15-Feb-2016 14:34,422.0,0.0,0.0,0
16-Feb-2016 07:13,16-Feb-2016 13:29,376.0,0.0,0.0,0
17-Feb-2016 07:02,17-Feb-2016 13:29,387.0,0.0,0.0,0
18-Feb-2016 10:59,18-Feb-2016 12:46,107.0,105.0,0.0,1,18-Feb-2016 10:59,18-Feb-2016 12:44
19-Feb-2016 04:41,19-Feb-2016 13:02,501.0,492.0,0.0,1,19-Feb-2016 04:41,19-Feb-2016 12:53
20-Feb-2016 04:19,20-Feb-2016 13:08,529.0,492.0,0.0,1,20-Feb-2016 04:19,20-Feb-2016 12:31
20-Feb-2016 22:58,21-Feb-2016 06:59,481.0,459.0,0.0,1,20-Feb-2016 22:58,21-Feb-2016 06:37
21-Feb-2016 23:40,22-Feb-2016 07:00,440.0,0.0,0.0,0
22-Feb-2016 23:16,23-Feb-2016 07:09,473.0,453.0,0.0,1,22-Feb-2016 23:16,23-Feb-2016 06:49
23-Feb-2016 23:27,24-Feb-2016 06:25,418.0,390.0,0.0,1,23-Feb-2016 23:27,24-Feb-2016 05:57
24-Feb-2016 23:51,25-Feb-2016 07:08,437.0,423.0,0.0,1,24-Feb-2016 23:51,25-Feb-2016 06:54
26-Feb-2016 00:04,26-Feb-2016 06:39,395.0,384.0,0.0,1,26-Feb-2016 00:04,26-Feb-2016 06:28
27-Feb-2016 00:17,27-Feb-2016 06:59,402.0,392.0,0.0,1,27-Feb-2016 00:17,27-Feb-2016 06:49
28-Feb-2016 00:34,28-Feb-2016 06:31,357.0,0.0,0.0,0
29-Feb-2016 00:03,29-Feb-2016 06:38,395.0,372.0,0.0,1,29-Feb-2016 00:03,29-Feb-2016 06:15
01-Mar-2016 21:35,02-Mar-2016 10:52,797.0,770.0,0.0,1,01-Mar-2016 21:35,02-Mar-2016 10:25
03-Mar-2016 01:41,03-Mar-2016 07:06,325.0,313.0,0.0,1,03-Mar-2016 01:41,03-Mar-2016 06:54
04-Mar-2016 01:00,04-Mar-2016 09:46,526.0,0.0,0.0,0
05-Mar-2016 00:27,05-Mar-2016 07:29,422.0,0.0,0.0,0
06-Mar-2016 01:18,06-Mar-2016 08:28,430.0,421.0,0.0,1,06-Mar-2016 01:18,06-Mar-2016 08:19
07-Mar-2016 01:14,07-Mar-2016 08:58,464.0,435.0,0.0,1,07-Mar-2016 01:14,07-Mar-2016 08:29
08-Mar-2016 01:48,08-Mar-2016 07:30,342.0,317.0,0.0,1,08-Mar-2016 01:48,08-Mar-2016 07:05
09-Mar-2016 01:05,09-Mar-2016 08:51,466.0,434.0,0.0,1,09-Mar-2016 01:05,09-Mar-2016 08:19
10-Mar-2016 01:36,10-Mar-2016 08:58,442.0,414.0,0.0,1,10-Mar-2016 01:36,10-Mar-2016 08:30
11-Mar-2016 02:13,11-Mar-2016 08:58,405.0,393.0,0.0,1,11-Mar-2016 02:13,11-Mar-2016 08:46
12-Mar-2016 02:08,12-Mar-2016 08:26,378.0,367.0,0.0,1,12-Mar-2016 02:08,12-Mar-2016 08:15
13-Mar-2016 02:57,13-Mar-2016 12:14,557.0,543.0,8.0,1,13-Mar-2016 03:05,13-Mar-2016 12:08
14-Mar-2016 03:24,14-Mar-2016 08:29,305.0,296.0,0.0,1,14-Mar-2016 03:24,14-Mar-2016 08:20
15-Mar-2016 02:56,15-Mar-2016 10:30,454.0,451.0,0.0,1,15-Mar-2016 02:56,15-Mar-2016 10:27
16-Mar-2016 01:57,16-Mar-2016 08:28,391.0,0.0,0.0,0
17-Mar-2016 02:30,17-Mar-2016 08:39,369.0,347.0,0.0,1,17-Mar-2016 02:30,17-Mar-2016 08:17
18-Mar-2016 00:52,18-Mar-2016 08:26,454.0,0.0,0.0,0
19-Mar-2016 01:57,19-Mar-2016 08:30,393.0,377.0,0.0,1,19-Mar-2016 01:57,19-Mar-2016 08:14
20-Mar-2016 02:05,20-Mar-2016 10:25,500.0,483.0,0.0,1,20-Mar-2016 02:05,20-Mar-2016 10:08
21-Mar-2016 02:22,21-Mar-2016 08:45,383.0,362.0,0.0,1,21-Mar-2016 02:22,21-Mar-2016 08:24
22-Mar-2016 02:15,22-Mar-2016 08:15,360.0,0.0,0.0,0
23-Mar-2016 01:23,23-Mar-2016 08:32,429.0,0.0,0.0,0
24-Mar-2016 01:37,24-Mar-2016 08:38,421.0,407.0,0.0,1,24-Mar-2016 01:37,24-Mar-2016 08:24
25-Mar-2016 01:32,25-Mar-2016 08:48,436.0,404.0,0.0,1,25-Mar-2016 01:32,25-Mar-2016 08:16
26-Mar-2016 01:22,26-Mar-2016 08:54,452.0,0.0,0.0,0
27-Mar-2016 01:22,27-Mar-2016 08:49,447.0,0.0,0.0,0
28-Mar-2016 01:10,28-Mar-2016 08:30,440.0,0.0,0.0,0
29-Mar-2016 01:40,29-Mar-2016 08:31,411.0,0.0,0.0,0
30-Mar-2016 00:50,30-Mar-2016 08:19,449.0,0.0,0.0,0
31-Mar-2016 00:42,31-Mar-2016 08:20,458.0,0.0,0.0,0
01-Apr-2016 00:58,01-Apr-2016 08:00,422.0,404.0,0.0,1,01-Apr-2016 00:58,01-Apr-2016 07:42
02-Apr-2016 01:00,02-Apr-2016 08:20,440.0,422.0,0.0,1,02-Apr-2016 01:00,02-Apr-2016 08:02
03-Apr-2016 01:32,03-Apr-2016 08:25,413.0,367.0,0.0,1,03-Apr-2016 01:32,03-Apr-2016 07:39
04-Apr-2016 01:09,04-Apr-2016 07:55,406.0,0.0,0.0,0
05-Apr-2016 01:02,05-Apr-2016 07:57,415.0,0.0,0.0,0
06-Apr-2016 01:41,06-Apr-2016 07:23,342.0,314.0,0.0,1,06-Apr-2016 01:41,06-Apr-2016 06:55
07-Apr-2016 00:31,07-Apr-2016 07:32,421.0,404.0,0.0,1,07-Apr-2016 00:31,07-Apr-2016 07:15
08-Apr-2016 01:28,08-Apr-2016 08:00,392.0,0.0,0.0,0
09-Apr-2016 00:29,09-Apr-2016 06:41,372.0,0.0,0.0,0
10-Apr-2016 00:13,10-Apr-2016 07:22,429.0,0.0,0.0,0
11-Apr-2016 00:02,11-Apr-2016 06:48,406.0,378.0,0.0,1,11-Apr-2016 00:02,11-Apr-2016 06:20
11-Apr-2016 23:57,12-Apr-2016 07:13,436.0,0.0,0.0,0
12-Apr-2016 23:57,13-Apr-2016 06:47,410.0,389.0,0.0,1,12-Apr-2016 23:57,13-Apr-2016 06:26
14-Apr-2016 00:16,14-Apr-2016 07:27,431.0,0.0,0.0,0
14-Apr-2016 23:44,15-Apr-2016 06:24,400.0,0.0,0.0,0
15-Apr-2016 21:41,16-Apr-2016 03:34,353.0,0.0,0.0,0
17-Apr-2016 01:13,17-Apr-2016 09:33,500.0,475.0,0.0,1,17-Apr-2016 01:13,17-Apr-2016 09:08
18-Apr-2016 04:49,18-Apr-2016 09:15,266.0,253.0,0.0,1,18-Apr-2016 04:49,18-Apr-2016 09:02
19-Apr-2016 01:36,19-Apr-2016 09:15,459.0,0.0,0.0,0
20-Apr-2016 02:24,20-Apr-2016 08:59,395.0,382.0,0.0,1,20-Apr-2016 02:24,20-Apr-2016 08:46
21-Apr-2016 02:34,21-Apr-2016 09:24,410.0,400.0,0.0,1,21-Apr-2016 02:34,21-Apr-2016 09:14
22-Apr-2016 02:19,22-Apr-2016 09:33,434.0,406.0,0.0,1,22-Apr-2016 02:19,22-Apr-2016 09:05
23-Apr-2016 02:14,23-Apr-2016 11:14,540.0,0.0,0.0,0
24-Apr-2016 02:05,24-Apr-2016 10:17,492.0,0.0,0.0,0
25-Apr-2016 01:51,25-Apr-2016 10:33,522.0,458.0,1.0,1,25-Apr-2016 01:52,25-Apr-2016 09:30
26-Apr-2016 01:39,26-Apr-2016 08:23,404.0,381.0,0.0,1,26-Apr-2016 01:39,26-Apr-2016 08:00
27-Apr-2016 01:44,27-Apr-2016 08:25,401.0,383.0,0.0,1,27-Apr-2016 01:44,27-Apr-2016 08:07
28-Apr-2016 01:35,28-Apr-2016 08:24,409.0,399.0,0.0,1,28-Apr-2016 01:35,28-Apr-2016 08:14
29-Apr-2016 01:27,29-Apr-2016 08:14,407.0,402.0,0.0,1,29-Apr-2016 01:27,29-Apr-2016 08:09
30-Apr-2016 01:37,30-Apr-2016 08:15,398.0,385.0,0.0,1,30-Apr-2016 01:37,30-Apr-2016 08:02
01-May-2016 00:54,01-May-2016 08:51,477.0,469.0,0.0,1,01-May-2016 00:54,01-May-2016 08:43
02-May-2016 00:34,02-May-2016 08:19,465.0,431.0,0.0,1,02-May-2016 00:34,02-May-2016 07:45
03-May-2016 01:04,03-May-2016 08:18,434.0,409.0,0.0,1,03-May-2016 01:04,03-May-2016 07:53
04-May-2016 01:15,04-May-2016 08:03,408.0,385.0,0.0,1,04-May-2016 01:15,04-May-2016 07:40
05-May-2016 00:55,05-May-2016 08:18,443.0,0.0,0.0,0
06-May-2016 00:52,06-May-2016 08:32,460.0,440.0,0.0,1,06-May-2016 00:52,06-May-2016 08:12
07-May-2016 02:08,07-May-2016 08:49,401.0,371.0,0.0,1,07-May-2016 02:08,07-May-2016 08:19
08-May-2016 00:54,08-May-2016 08:05,431.0,424.0,0.0,1,08-May-2016 00:54,08-May-2016 07:58
09-May-2016 00:46,09-May-2016 08:24,458.0,436.0,0.0,1,09-May-2016 00:46,09-May-2016 08:02
10-May-2016 00:38,10-May-2016 08:03,445.0,426.0,0.0,1,10-May-2016 00:38,10-May-2016 07:44
11-May-2016 01:12,11-May-2016 08:24,432.0,418.0,0.0,1,11-May-2016 01:12,11-May-2016 08:10
12-May-2016 01:12,12-May-2016 07:32,380.0,352.0,0.0,1,12-May-2016 01:12,12-May-2016 07:04
13-May-2016 00:03,13-May-2016 06:37,394.0,0.0,0.0,0
13-May-2016 23:53,14-May-2016 07:15,442.0,431.0,0.0,1,13-May-2016 23:53,14-May-2016 07:04
15-May-2016 00:46,15-May-2016 06:45,359.0,338.0,0.0,1,15-May-2016 00:46,15-May-2016 06:24
16-May-2016 00:08,16-May-2016 07:14,426.0,405.0,0.0,1,16-May-2016 00:08,16-May-2016 06:53
16-May-2016 23:44,17-May-2016 07:11,447.0,0.0,0.0,0
18-May-2016 00:00,18-May-2016 06:23,383.0,359.0,0.0,1,18-May-2016 00:00,18-May-2016 05:59
19-May-2016 00:10,19-May-2016 07:01,411.0,0.0,0.0,0
20-May-2016 00:22,20-May-2016 07:23,421.0,0.0,0.0,0
20-May-2016 22:08,21-May-2016 03:38,330.0,298.0,0.0,1,20-May-2016 22:08,21-May-2016 03:06
22-May-2016 01:05,22-May-2016 10:51,586.0,538.0,6.0,1,22-May-2016 01:11,22-May-2016 10:09
23-May-2016 02:17,23-May-2016 10:35,498.0,489.0,0.0,1,23-May-2016 02:17,23-May-2016 10:26
24-May-2016 00:44,24-May-2016 07:26,402.0,377.0,5.0,1,24-May-2016 00:49,24-May-2016 07:06
25-May-2016 01:26,25-May-2016 08:04,398.0,379.0,0.0,1,25-May-2016 01:26,25-May-2016 07:45
26-May-2016 01:47,26-May-2016 09:27,460.0,436.0,0.0,1,26-May-2016 01:47,26-May-2016 09:03
27-May-2016 01:54,27-May-2016 08:35,401.0,385.0,0.0,1,27-May-2016 01:54,27-May-2016 08:19
28-May-2016 02:58,28-May-2016 09:39,401.0,390.0,0.0,1,28-May-2016 02:58,28-May-2016 09:28
29-May-2016 01:21,29-May-2016 09:09,468.0,445.0,0.0,1,29-May-2016 01:21,29-May-2016 08:46
30-May-2016 02:27,30-May-2016 09:46,439.0,407.0,0.0,1,30-May-2016 02:27,30-May-2016 09:14
31-May-2016 01:21,31-May-2016 08:29,428.0,403.0,0.0,1,31-May-2016 01:21,31-May-2016 08:04
01-Jun-2016 01:40,01-Jun-2016 08:15,395.0,366.0,0.0,1,01-Jun-2016 01:40,01-Jun-2016 07:46
02-Jun-2016 01:27,02-Jun-2016 08:27,420.0,402.0,0.0,1,02-Jun-2016 01:27,02-Jun-2016 08:09
03-Jun-2016 01:17,03-Jun-2016 08:01,404.0,390.0,0.0,1,03-Jun-2016 01:17,03-Jun-2016 07:47
04-Jun-2016 02:00,04-Jun-2016 08:15,375.0,357.0,0.0,1,04-Jun-2016 02:00,04-Jun-2016 07:57
05-Jun-2016 01:22,05-Jun-2016 08:18,416.0,389.0,0.0,1,05-Jun-2016 01:22,05-Jun-2016 07:51
06-Jun-2016 01:10,06-Jun-2016 07:53,403.0,386.0,0.0,1,06-Jun-2016 01:10,06-Jun-2016 07:36
07-Jun-2016 00:22,07-Jun-2016 07:44,442.0,0.0,0.0,0
08-Jun-2016 00:19,08-Jun-2016 08:01,462.0,437.0,0.0,1,08-Jun-2016 00:19,08-Jun-2016 07:36
09-Jun-2016 00:23,09-Jun-2016 07:50,447.0,0.0,0.0,0
10-Jun-2016 00:13,10-Jun-2016 07:44,451.0,0.0,0.0,0
11-Jun-2016 01:11,11-Jun-2016 08:15,424.0,375.0,21.0,1,11-Jun-2016 01:32,11-Jun-2016 07:47
12-Jun-2016 01:20,12-Jun-2016 07:59,399.0,0.0,0.0,0
13-Jun-2016 01:19,13-Jun-2016 07:49,390.0,0.0,0.0,0
14-Jun-2016 01:40,14-Jun-2016 08:06,386.0,0.0,0.0,0
15-Jun-2016 01:26,15-Jun-2016 07:59,393.0,0.0,0.0,0
16-Jun-2016 00:49,16-Jun-2016 08:07,438.0,424.0,0.0,1,16-Jun-2016 00:49,16-Jun-2016 07:53
17-Jun-2016 00:29,17-Jun-2016 06:40,371.0,0.0,0.0,0
17-Jun-2016 23:56,18-Jun-2016 06:51,415.0,0.0,0.0,0
18-Jun-2016 23:54,19-Jun-2016 06:47,413.0,0.0,0.0,0
20-Jun-2016 00:23,20-Jun-2016 06:56,393.0,363.0,0.0,1,20-Jun-2016 00:23,20-Jun-2016 06:26
20-Jun-2016 23:39,21-Jun-2016 06:59,440.0,0.0,0.0,0
22-Jun-2016 00:07,22-Jun-2016 06:49,402.0,379.0,0.0,1,22-Jun-2016 00:07,22-Jun-2016 06:26
22-Jun-2016 23:37,23-Jun-2016 06:57,440.0,400.0,0.0,1,22-Jun-2016 23:37,23-Jun-2016 06:17
23-Jun-2016 23:59,24-Jun-2016 06:45,406.0,0.0,0.0,0
25-Jun-2016 08:19,25-Jun-2016 10:45,146.0,0.0,0.0,0
26-Jun-2016 01:09,26-Jun-2016 08:47,458.0,0.0,0.0,0
27-Jun-2016 01:20,27-Jun-2016 09:35,495.0,0.0,0.0,0
28-Jun-2016 01:04,28-Jun-2016 09:17,493.0,421.0,0.0,1,28-Jun-2016 01:04,28-Jun-2016 08:05
29-Jun-2016 01:22,29-Jun-2016 09:32,490.0,473.0,0.0,1,29-Jun-2016 01:22,29-Jun-2016 09:15
30-Jun-2016 00:41,30-Jun-2016 09:26,525.0,495.0,0.0,1,30-Jun-2016 00:41,30-Jun-2016 08:56
01-Jul-2016 01:34,01-Jul-2016 09:46,492.0,474.0,0.0,1,01-Jul-2016 01:34,01-Jul-2016 09:28
02-Jul-2016 01:29,02-Jul-2016 09:20,471.0,0.0,0.0,0
03-Jul-2016 02:39,03-Jul-2016 09:29,410.0,0.0,0.0,0
04-Jul-2016 02:02,04-Jul-2016 10:04,482.0,459.0,4.0,1,04-Jul-2016 02:06,04-Jul-2016 09:45
05-Jul-2016 01:42,05-Jul-2016 10:07,505.0,471.0,0.0,1,05-Jul-2016 01:42,05-Jul-2016 09:33
06-Jul-2016 02:27,06-Jul-2016 09:57,450.0,0.0,0.0,0
07-Jul-2016 01:03,07-Jul-2016 09:12,489.0,460.0,0.0,1,07-Jul-2016 01:03,07-Jul-2016 08:43
08-Jul-2016 01:46,08-Jul-2016 09:05,439.0,402.0,6.0,1,08-Jul-2016 01:52,08-Jul-2016 08:34
09-Jul-2016 02:24,09-Jul-2016 09:26,422.0,397.0,0.0,1,09-Jul-2016 02:24,09-Jul-2016 09:01
10-Jul-2016 01:55,10-Jul-2016 09:51,476.0,0.0,0.0,0
11-Jul-2016 02:12,11-Jul-2016 08:56,404.0,0.0,0.0,0
12-Jul-2016 02:35,12-Jul-2016 09:04,389.0,0.0,0.0,0
13-Jul-2016 03:05,13-Jul-2016 10:17,432.0,0.0,0.0,0
14-Jul-2016 03:23,14-Jul-2016 11:02,459.0,0.0,0.0,0
15-Jul-2016 03:29,15-Jul-2016 09:31,362.0,354.0,0.0,1,15-Jul-2016 03:29,15-Jul-2016 09:23
16-Jul-2016 02:55,16-Jul-2016 10:35,460.0,432.0,0.0,1,16-Jul-2016 02:55,16-Jul-2016 10:07
17-Jul-2016 02:29,17-Jul-2016 10:00,451.0,0.0,0.0,0
18-Jul-2016 02:02,18-Jul-2016 08:36,394.0,385.0,0.0,1,18-Jul-2016 02:02,18-Jul-2016 08:27
19-Jul-2016 01:30,19-Jul-2016 08:19,409.0,0.0,0.0,0
20-Jul-2016 00:56,20-Jul-2016 07:47,411.0,397.0,5.0,1,20-Jul-2016 01:01,20-Jul-2016 07:38
21-Jul-2016 00:33,21-Jul-2016 07:45,432.0,0.0,0.0,0
22-Jul-2016 01:12,22-Jul-2016 07:52,400.0,0.0,0.0,0
23-Jul-2016 01:03,23-Jul-2016 08:36,453.0,0.0,0.0,0
24-Jul-2016 00:38,24-Jul-2016 09:06,508.0,0.0,0.0,0
25-Jul-2016 01:30,25-Jul-2016 07:44,374.0,0.0,0.0,0
26-Jul-2016 00:30,26-Jul-2016 07:56,446.0,0.0,0.0,0
27-Jul-2016 00:42,27-Jul-2016 08:01,439.0,0.0,0.0,0
28-Jul-2016 00:50,28-Jul-2016 07:44,414.0,0.0,0.0,0
29-Jul-2016 00:52,29-Jul-2016 07:38,406.0,0.0,0.0,0
30-Jul-2016 01:41,30-Jul-2016 08:12,391.0,0.0,0.0,0
31-Jul-2016 01:03,31-Jul-2016 08:30,447.0,0.0,0.0,0
01-Aug-2016 00:45,01-Aug-2016 07:45,420.0,0.0,0.0,0
02-Aug-2016 01:14,02-Aug-2016 07:44,390.0,347.0,0.0,1,02-Aug-2016 01:14,02-Aug-2016 07:01
03-Aug-2016 01:14,03-Aug-2016 07:52,398.0,0.0,0.0,0
04-Aug-2016 01:28,04-Aug-2016 07:48,380.0,351.0,0.0,1,04-Aug-2016 01:28,04-Aug-2016 07:19
04-Aug-2016 23:57,05-Aug-2016 06:52,415.0,0.0,0.0,0
06-Aug-2016 00:24,06-Aug-2016 07:03,399.0,0.0,0.0,0
07-Aug-2016 00:23,07-Aug-2016 07:36,433.0,0.0,0.0,0
07-Aug-2016 23:53,08-Aug-2016 06:46,413.0,398.0,0.0,1,07-Aug-2016 23:53,08-Aug-2016 06:31
09-Aug-2016 00:11,09-Aug-2016 06:53,402.0,0.0,0.0,0
09-Aug-2016 23:57,10-Aug-2016 06:55,418.0,0.0,0.0,0
10-Aug-2016 23:57,11-Aug-2016 06:52,415.0,0.0,0.0,0
11-Aug-2016 23:34,12-Aug-2016 06:44,430.0,0.0,0.0,0
12-Aug-2016 22:28,13-Aug-2016 03:54,326.0,0.0,0.0,0
14-Aug-2016 00:15,14-Aug-2016 10:00,585.0,555.0,17.0,1,14-Aug-2016 00:32,14-Aug-2016 09:47
15-Aug-2016 00:23,15-Aug-2016 07:30,427.0,0.0,0.0,0
16-Aug-2016 01:13,16-Aug-2016 07:35,382.0,0.0,0.0,0
17-Aug-2016 01:26,17-Aug-2016 07:49,383.0,0.0,0.0,0
18-Aug-2016 00:54,18-Aug-2016 08:59,485.0,447.0,0.0,1,18-Aug-2016 00:54,18-Aug-2016 08:21
18-Aug-2016 23:55,19-Aug-2016 08:31,516.0,477.0,0.0,1,18-Aug-2016 23:55,19-Aug-2016 07:52
20-Aug-2016 01:15,20-Aug-2016 09:00,465.0,0.0,0.0,0
21-Aug-2016 01:55,21-Aug-2016 10:29,514.0,492.0,0.0,1,21-Aug-2016 01:55,21-Aug-2016 10:07
22-Aug-2016 02:24,22-Aug-2016 09:36,432.0,403.0,0.0,1,22-Aug-2016 02:24,22-Aug-2016 09:07
23-Aug-2016 00:36,23-Aug-2016 10:05,569.0,530.0,0.0,1,23-Aug-2016 00:36,23-Aug-2016 09:26
24-Aug-2016 01:44,24-Aug-2016 09:10,446.0,432.0,0.0,1,24-Aug-2016 01:44,24-Aug-2016 08:56
25-Aug-2016 01:21,25-Aug-2016 09:43,502.0,453.0,0.0,1,25-Aug-2016 01:21,25-Aug-2016 08:54
26-Aug-2016 02:06,26-Aug-2016 09:39,453.0,0.0,0.0,0
27-Aug-2016 02:01,27-Aug-2016 10:31,510.0,480.0,0.0,1,27-Aug-2016 02:01,27-Aug-2016 10:01
28-Aug-2016 03:04,28-Aug-2016 10:46,462.0,0.0,0.0,0
29-Aug-2016 02:12,29-Aug-2016 10:00,468.0,442.0,6.0,1,29-Aug-2016 02:18,29-Aug-2016 09:40
30-Aug-2016 01:56,30-Aug-2016 07:59,363.0,348.0,0.0,1,30-Aug-2016 01:56,30-Aug-2016 07:44
31-Aug-2016 01:23,31-Aug-2016 07:50,387.0,368.0,0.0,1,31-Aug-2016 01:23,31-Aug-2016 07:31
01-Sep-2016 01:01,01-Sep-2016 07:47,406.0,0.0,0.0,0
02-Sep-2016 00:44,02-Sep-2016 07:36,412.0,393.0,0.0,1,02-Sep-2016 00:44,02-Sep-2016 07:17
03-Sep-2016 01:04,03-Sep-2016 08:35,451.0,0.0,0.0,0
04-Sep-2016 00:35,04-Sep-2016 07:58,443.0,0.0,0.0,0
05-Sep-2016 00:31,05-Sep-2016 07:54,443.0,400.0,0.0,1,05-Sep-2016 00:31,05-Sep-2016 07:11
06-Sep-2016 01:27,06-Sep-2016 07:45,378.0,359.0,0.0,1,06-Sep-2016 01:27,06-Sep-2016 07:26
07-Sep-2016 00:53,07-Sep-2016 07:23,390.0,366.0,0.0,1,07-Sep-2016 00:53,07-Sep-2016 06:59
08-Sep-2016 01:14,08-Sep-2016 07:51,397.0,372.0,2.0,1,08-Sep-2016 01:16,08-Sep-2016 07:28
09-Sep-2016 01:05,09-Sep-2016 07:55,410.0,0.0,0.0,0
10-Sep-2016 00:58,10-Sep-2016 08:44,466.0,444.0,0.0,1,10-Sep-2016 00:58,10-Sep-2016 08:22
11-Sep-2016 01:13,11-Sep-2016 08:33,440.0,411.0,0.0,1,11-Sep-2016 01:13,11-Sep-2016 08:04
12-Sep-2016 01:35,12-Sep-2016 07:59,384.0,343.0,0.0,1,12-Sep-2016 01:35,12-Sep-2016 07:18
12-Sep-2016 23:51,13-Sep-2016 07:44,473.0,0.0,0.0,0
14-Sep-2016 01:15,14-Sep-2016 07:46,391.0,365.0,0.0,1,14-Sep-2016 01:15,14-Sep-2016 07:20
15-Sep-2016 01:05,15-Sep-2016 07:58,413.0,389.0,0.0,1,15-Sep-2016 01:05,15-Sep-2016 07:34
16-Sep-2016 00:36,16-Sep-2016 07:51,435.0,407.0,0.0,1,16-Sep-2016 00:36,16-Sep-2016 07:23
17-Sep-2016 00:28,17-Sep-2016 07:29,421.0,0.0,0.0,0
17-Sep-2016 23:42,18-Sep-2016 07:34,472.0,449.0,0.0,1,17-Sep-2016 23:42,18-Sep-2016 07:11
18-Sep-2016 22:33,19-Sep-2016 07:45,552.759117249648,0.0,0.0,0
19-Sep-2016 23:41,20-Sep-2016 07:45,484.092443416516,0.0,0.0,0
20-Sep-2016 23:46,21-Sep-2016 07:45,479.229050299525,0.0,0.0,0
22-Sep-2016 00:11,22-Sep-2016 07:45,454.169663733244,367.0,7.0,1,22-Sep-2016 00:18,22-Sep-2016 06:25
22-Sep-2016 23:39,23-Sep-2016 07:30,471.8,0.0,0.0,0
23-Sep-2016 07:41,23-Sep-2016 07:50,9.13333333333333,0.0,0.0,0
23-Sep-2016 22:25,24-Sep-2016 03:49,324.0,0.0,0.0,0
25-Sep-2016 01:44,25-Sep-2016 09:14,450.0,434.0,0.0,1,25-Sep-2016 01:44,25-Sep-2016 08:58
25-Sep-2016 23:45,26-Sep-2016 09:37,592.0,476.0,80.0,1,26-Sep-2016 01:05,26-Sep-2016 09:01
27-Sep-2016 00:19,27-Sep-2016 08:03,463.533333333333,378.0,26.5333333333333,1,27-Sep-2016 00:46,27-Sep-2016 07:04
28-Sep-2016 01:09,28-Sep-2016 01:24,15.3333333333333,0.0,0.0,0
28-Sep-2016 01:34,28-Sep-2016 07:30,355.8,313.0,22.8,1,28-Sep-2016 01:57,28-Sep-2016 07:10
29-Sep-2016 02:40,29-Sep-2016 08:48,368.0,345.0,0.0,1,29-Sep-2016 02:40,29-Sep-2016 08:25
30-Sep-2016 00:54,30-Sep-2016 09:52,538.0,511.0,0.0,1,30-Sep-2016 00:54,30-Sep-2016 09:25
01-Oct-2016 00:00,01-Oct-2016 08:14,494.0,0.0,0.0,0
02-Oct-2016 01:02,02-Oct-2016 10:30,568.0,0.0,0.0,0
03-Oct-2016 03:28,03-Oct-2016 06:29,181.0,0.0,0.0,0
03-Oct-2016 22:45,04-Oct-2016 08:28,583.0,0.0,0.0,0
05-Oct-2016 03:08,05-Oct-2016 08:33,325.0,0.0,0.0,0
06-Oct-2016 01:23,06-Oct-2016 09:48,505.0,0.0,0.0,0
07-Oct-2016 02:15,07-Oct-2016 10:14,479.0,0.0,0.0,0
08-Oct-2016 02:03,08-Oct-2016 08:55,412.0,393.0,0.0,1,08-Oct-2016 02:03,08-Oct-2016 08:36
09-Oct-2016 02:43,09-Oct-2016 09:55,432.0,410.0,0.0,1,09-Oct-2016 02:43,09-Oct-2016 09:33
10-Oct-2016 01:33,10-Oct-2016 07:49,376.0,355.0,0.0,1,10-Oct-2016 01:33,10-Oct-2016 07:28
11-Oct-2016 01:09,11-Oct-2016 07:52,403.0,369.0,0.0,1,11-Oct-2016 01:09,11-Oct-2016 07:18
12-Oct-2016 00:47,12-Oct-2016 07:57,429.866666666667,344.0,44.8666666666667,1,12-Oct-2016 01:32,12-Oct-2016 07:16
13-Oct-2016 01:08,13-Oct-2016 07:40,392.0,372.0,0.0,1,13-Oct-2016 01:08,13-Oct-2016 07:20
14-Oct-2016 00:34,14-Oct-2016 07:33,418.666666666667,351.0,40.6666666666667,1,14-Oct-2016 01:15,14-Oct-2016 07:06
15-Oct-2016 00:55,15-Oct-2016 08:35,460.0,0.0,0.0,0
16-Oct-2016 00:57,16-Oct-2016 08:28,451.0,0.0,0.0,0
17-Oct-2016 00:30,17-Oct-2016 07:14,404.8,0.0,0.0,0
18-Oct-2016 00:30,18-Oct-2016 07:31,421.0,394.0,1.0,1,18-Oct-2016 00:31,18-Oct-2016 07:05
19-Oct-2016 00:43,19-Oct-2016 07:10,387.933333333333,0.0,0.0,0
20-Oct-2016 00:53,20-Oct-2016 07:34,400.2,371.0,2.2,1,20-Oct-2016 00:56,20-Oct-2016 07:07
21-Oct-2016 00:29,21-Oct-2016 08:29,480.0,0.0,0.0,0
22-Oct-2016 00:45,22-Oct-2016 08:30,465.0,443.0,0.0,1,22-Oct-2016 00:45,22-Oct-2016 08:08
23-Oct-2016 01:03,23-Oct-2016 08:10,427.0,0.0,0.0,0
24-Oct-2016 00:37,24-Oct-2016 07:56,438.866666666667,398.0,16.8666666666667,1,24-Oct-2016 00:54,24-Oct-2016 07:32
25-Oct-2016 00:40,25-Oct-2016 07:39,418.133333333333,369.0,34.1333333333333,1,25-Oct-2016 01:15,25-Oct-2016 07:24
26-Oct-2016 00:30,26-Oct-2016 07:46,436.0,387.0,30.0,1,26-Oct-2016 01:00,26-Oct-2016 07:27
27-Oct-2016 00:49,27-Oct-2016 07:40,411.0,0.0,0.0,0
28-Oct-2016 01:42,28-Oct-2016 07:26,344.6,318.0,0.0,1,28-Oct-2016 01:42,28-Oct-2016 07:00
28-Oct-2016 07:33,28-Oct-2016 07:39,6.0934511333704,0.0,0.0,0
29-Oct-2016 01:10,29-Oct-2016 08:49,459.0,0.0,0.0,0
30-Oct-2016 01:07,30-Oct-2016 08:59,472.0,452.0,0.0,1,30-Oct-2016 01:07,30-Oct-2016 08:39
31-Oct-2016 00:34,31-Oct-2016 07:49,434.333333333333,382.0,18.3333333333333,1,31-Oct-2016 00:53,31-Oct-2016 07:15
01-Nov-2016 01:32,01-Nov-2016 07:30,357.6,311.0,19.1333333333333,1,01-Nov-2016 01:52,01-Nov-2016 07:03
02-Nov-2016 00:50,02-Nov-2016 07:01,371.466666666667,311.0,44.9333333333333,1,02-Nov-2016 01:35,02-Nov-2016 06:46
02-Nov-2016 07:37,02-Nov-2016 07:41,4.22448621690273,0.0,0.0,0
03-Nov-2016 01:07,03-Nov-2016 07:47,399.6,325.0,64.6,1,03-Nov-2016 02:12,03-Nov-2016 07:37
04-Nov-2016 01:00,04-Nov-2016 08:05,424.866666666667,366.0,33.8666666666667,1,04-Nov-2016 01:34,04-Nov-2016 07:40
05-Nov-2016 01:11,05-Nov-2016 08:05,414.0,387.0,0.0,1,05-Nov-2016 01:11,05-Nov-2016 07:38
06-Nov-2016 01:15,06-Nov-2016 09:11,476.0,449.0,0.0,1,06-Nov-2016 01:15,06-Nov-2016 08:44
07-Nov-2016 00:32,07-Nov-2016 00:58,25.6666666666667,0.0,0.0,0
07-Nov-2016 01:20,07-Nov-2016 08:21,421.0,396.0,0.0,1,07-Nov-2016 01:20,07-Nov-2016 07:56
08-Nov-2016 00:52,08-Nov-2016 07:41,408.8,383.0,2.8,1,08-Nov-2016 00:55,08-Nov-2016 07:18
09-Nov-2016 00:30,09-Nov-2016 07:16,406.333333333333,373.0,11.0,1,09-Nov-2016 00:41,09-Nov-2016 06:54
09-Nov-2016 07:27,09-Nov-2016 07:30,3.2,0.0,0.0,0
10-Nov-2016 00:06,10-Nov-2016 07:34,448.0,0.0,0.0,0
11-Nov-2016 00:49,11-Nov-2016 07:30,400.767596249779,383.0,1.53333333333333,1,11-Nov-2016 00:51,11-Nov-2016 07:14
12-Nov-2016 00:56,12-Nov-2016 08:15,439.0,0.0,0.0,0
12-Nov-2016 23:49,13-Nov-2016 07:33,464.0,0.0,0.0,0
14-Nov-2016 00:13,14-Nov-2016 07:30,437.243137150009,358.0,0.0,1,14-Nov-2016 00:13,14-Nov-2016 06:11
14-Nov-2016 23:26,15-Nov-2016 07:30,484.266550116738,0.0,0.0,0
15-Nov-2016 23:54,16-Nov-2016 07:30,456.330177782973,0.0,0.0,0
16-Nov-2016 23:49,17-Nov-2016 08:28,519.0,0.0,0.0,0
18-Nov-2016 00:26,18-Nov-2016 07:34,428.0,388.0,0.0,1,18-Nov-2016 00:26,18-Nov-2016 06:54
18-Nov-2016 22:41,19-Nov-2016 04:45,364.0,295.0,42.0,1,18-Nov-2016 23:23,19-Nov-2016 04:18
20-Nov-2016 02:48,20-Nov-2016 10:18,450.0,0.0,0.0,0
20-Nov-2016 23:30,21-Nov-2016 10:34,664.0,470.0,103.0,1,21-Nov-2016 01:13,21-Nov-2016 09:03
22-Nov-2016 00:20,22-Nov-2016 07:13,412.2,324.0,64.2,1,22-Nov-2016 01:25,22-Nov-2016 06:49
22-Nov-2016 22:53,23-Nov-2016 07:16,502.4,353.0,127.4,1,23-Nov-2016 01:01,23-Nov-2016 06:54
23-Nov-2016 23:37,23-Nov-2016 23:59,21.6,0.0,0.0,0
24-Nov-2016 00:21,24-Nov-2016 07:15,413.133333333333,336.0,65.1333333333333,1,24-Nov-2016 01:27,24-Nov-2016 07:03
25-Nov-2016 00:06,25-Nov-2016 00:14,8.86666666666667,0.0,0.0,0
25-Nov-2016 00:20,25-Nov-2016 08:15,474.733333333333,380.0,69.7333333333333,1,25-Nov-2016 01:30,25-Nov-2016 07:50
26-Nov-2016 01:34,26-Nov-2016 10:14,520.0,456.0,3.0,1,26-Nov-2016 01:37,26-Nov-2016 09:13
27-Nov-2016 01:34,27-Nov-2016 09:29,475.0,452.0,0.0,1,27-Nov-2016 01:34,27-Nov-2016 09:06
28-Nov-2016 01:21,28-Nov-2016 07:49,388.0,355.0,0.0,1,28-Nov-2016 01:21,28-Nov-2016 07:16
29-Nov-2016 00:45,29-Nov-2016 07:40,414.8,357.0,33.8,1,29-Nov-2016 01:19,29-Nov-2016 07:16
30-Nov-2016 00:35,30-Nov-2016 07:32,416.533333333333,356.0,36.5333333333333,1,30-Nov-2016 01:12,30-Nov-2016 07:08
01-Dec-2016 00:50,01-Dec-2016 07:43,413.0,0.0,0.0,0
02-Dec-2016 00:28,02-Dec-2016 08:11,463.0,0.0,0.0,0
03-Dec-2016 01:20,03-Dec-2016 08:40,440.0,0.0,0.0,0
04-Dec-2016 00:54,04-Dec-2016 08:36,462.0,0.0,0.0,0
05-Dec-2016 00:00,05-Dec-2016 07:30,450.262194650372,404.0,26.0,1,05-Dec-2016 00:26,05-Dec-2016 07:10
06-Dec-2016 00:45,06-Dec-2016 07:32,406.2,369.0,21.2,1,06-Dec-2016 01:07,06-Dec-2016 07:16
07-Dec-2016 00:19,07-Dec-2016 07:30,430.533333333333,359.0,48.5333333333333,1,07-Dec-2016 01:08,07-Dec-2016 07:07
08-Dec-2016 00:11,08-Dec-2016 07:30,439.312616149584,0.0,0.0,0
09-Dec-2016 00:00,09-Dec-2016 07:30,450.201135933399,364.0,7.0,1,09-Dec-2016 00:07,09-Dec-2016 06:11
10-Dec-2016 00:27,10-Dec-2016 07:31,424.0,0.0,0.0,0
11-Dec-2016 00:04,11-Dec-2016 08:24,500.0,0.0,0.0,0
12-Dec-2016 00:00,12-Dec-2016 07:26,446.666666666667,355.0,4.0,1,12-Dec-2016 00:04,12-Dec-2016 05:59
12-Dec-2016 07:42,12-Dec-2016 07:48,6.29990336696307,0.0,0.0,0
12-Dec-2016 23:44,13-Dec-2016 07:22,458.4,0.0,0.0,0
13-Dec-2016 07:30,13-Dec-2016 07:37,7.6,0.0,0.0,0
13-Dec-2016 23:59,14-Dec-2016 07:30,451.233371583621,367.0,0.0,1,13-Dec-2016 23:59,14-Dec-2016 06:06
15-Dec-2016 00:28,15-Dec-2016 07:30,422.188511416316,347.0,0.0,1,15-Dec-2016 00:28,15-Dec-2016 06:15
15-Dec-2016 23:52,16-Dec-2016 07:30,458.264252199729,383.0,0.0,1,15-Dec-2016 23:52,16-Dec-2016 06:15
17-Dec-2016 00:06,17-Dec-2016 03:48,222.0,195.0,0.0,1,17-Dec-2016 00:06,17-Dec-2016 03:21
18-Dec-2016 00:17,18-Dec-2016 09:56,579.0,525.0,7.0,1,18-Dec-2016 00:24,18-Dec-2016 09:09
19-Dec-2016 00:26,19-Dec-2016 00:44,17.3333333333333,0.0,0.0,0
19-Dec-2016 00:44,19-Dec-2016 08:10,445.4,432.0,3.4,1,19-Dec-2016 00:48,19-Dec-2016 08:00
20-Dec-2016 00:59,20-Dec-2016 10:29,570.0,520.0,0.0,1,20-Dec-2016 00:59,20-Dec-2016 09:39
20-Dec-2016 23:23,21-Dec-2016 10:20,656.4,354.0,253.4,1,21-Dec-2016 03:37,21-Dec-2016 09:31
21-Dec-2016 23:00,22-Dec-2016 09:21,621.772025049726,505.0,89.0,1,22-Dec-2016 00:29,22-Dec-2016 08:54
23-Dec-2016 00:45,23-Dec-2016 09:44,538.466666666667,496.0,17.4666666666667,1,23-Dec-2016 01:03,23-Dec-2016 09:19
24-Dec-2016 00:54,24-Dec-2016 10:01,547.0,527.0,0.0,1,24-Dec-2016 00:54,24-Dec-2016 09:41
25-Dec-2016 02:38,25-Dec-2016 08:41,363.0,348.0,0.0,1,25-Dec-2016 02:38,25-Dec-2016 08:26
26-Dec-2016 01:16,26-Dec-2016 10:06,529.6,452.0,30.6,1,26-Dec-2016 01:47,26-Dec-2016 09:19
27-Dec-2016 00:35,27-Dec-2016 10:05,570.0,501.0,24.0,1,27-Dec-2016 00:59,27-Dec-2016 09:20
28-Dec-2016 00:35,28-Dec-2016 08:59,504.0,423.0,57.0,1,28-Dec-2016 01:32,28-Dec-2016 08:35
29-Dec-2016 01:11,29-Dec-2016 08:41,450.0,429.0,0.0,1,29-Dec-2016 01:11,29-Dec-2016 08:20
30-Dec-2016 01:24,30-Dec-2016 09:05,460.235617309809,430.0,7.23561730980873,1,30-Dec-2016 01:32,30-Dec-2016 08:42
31-Dec-2016 01:19,31-Dec-2016 08:47,448.0,440.0,0.0,1,31-Dec-2016 01:19,31-Dec-2016 08:39
01-Jan-2017 02:45,01-Jan-2017 10:15,450.0,0.0,0.0,0
02-Jan-2017 01:36,02-Jan-2017 10:18,521.266666666667,420.0,92.2666666666667,1,02-Jan-2017 03:09,02-Jan-2017 10:09
03-Jan-2017 00:09,03-Jan-2017 10:28,619.0,534.0,23.0,1,03-Jan-2017 00:32,03-Jan-2017 09:26
04-Jan-2017 00:03,04-Jan-2017 10:03,600.0,556.0,0.0,1,04-Jan-2017 00:03,04-Jan-2017 09:19
05-Jan-2017 00:00,05-Jan-2017 08:00,480.083099983136,416.0,6.0,1,05-Jan-2017 00:06,05-Jan-2017 07:02
06-Jan-2017 00:57,06-Jan-2017 07:49,412.0,0.0,0.0,0
07-Jan-2017 01:25,07-Jan-2017 11:07,582.0,519.0,0.0,1,07-Jan-2017 01:25,07-Jan-2017 10:04
08-Jan-2017 00:57,08-Jan-2017 09:23,506.0,488.0,0.0,1,08-Jan-2017 00:57,08-Jan-2017 09:05
09-Jan-2017 00:31,09-Jan-2017 08:09,457.733333333333,371.0,64.7333333333333,1,09-Jan-2017 01:36,09-Jan-2017 07:47
10-Jan-2017 00:30,10-Jan-2017 09:45,554.333333333333,447.0,49.3333333333333,1,10-Jan-2017 01:20,10-Jan-2017 08:47
11-Jan-2017 00:40,11-Jan-2017 01:09,29.0,0.0,0.0,0
11-Jan-2017 01:14,11-Jan-2017 08:46,451.8,434.0,4.8,1,11-Jan-2017 01:19,11-Jan-2017 08:33
12-Jan-2017 01:04,12-Jan-2017 10:04,539.266666666667,495.0,26.2666666666667,1,12-Jan-2017 01:31,12-Jan-2017 09:46
13-Jan-2017 00:15,13-Jan-2017 00:53,37.9333333333333,0.0,0.0,0
13-Jan-2017 01:01,13-Jan-2017 09:07,486.0,432.0,34.0,1,13-Jan-2017 01:35,13-Jan-2017 08:47
14-Jan-2017 02:12,14-Jan-2017 10:09,477.0,465.0,0.0,1,14-Jan-2017 02:12,14-Jan-2017 09:57
15-Jan-2017 03:07,15-Jan-2017 11:23,496.0,486.0,0.0,1,15-Jan-2017 03:07,15-Jan-2017 11:13
16-Jan-2017 00:00,16-Jan-2017 09:10,550.0,464.0,60.0,1,16-Jan-2017 01:00,16-Jan-2017 08:44
17-Jan-2017 00:55,17-Jan-2017 09:25,509.133333333333,420.0,80.1333333333333,1,17-Jan-2017 02:16,17-Jan-2017 09:16
18-Jan-2017 00:00,18-Jan-2017 09:46,586.0,460.0,92.0,1,18-Jan-2017 01:32,18-Jan-2017 09:12
19-Jan-2017 00:00,19-Jan-2017 08:51,531.0,427.0,84.0,1,19-Jan-2017 01:24,19-Jan-2017 08:31
20-Jan-2017 00:00,20-Jan-2017 09:30,570.0,489.0,50.0,1,20-Jan-2017 00:50,20-Jan-2017 08:59
21-Jan-2017 02:23,21-Jan-2017 10:52,509.0,481.0,0.0,1,21-Jan-2017 02:23,21-Jan-2017 10:24
22-Jan-2017 02:31,22-Jan-2017 09:07,396.0,380.0,0.0,1,22-Jan-2017 02:31,22-Jan-2017 08:51
23-Jan-2017 01:42,23-Jan-2017 07:30,347.650462200244,276.0,40.4,1,23-Jan-2017 02:23,23-Jan-2017 06:59
24-Jan-2017 01:32,24-Jan-2017 07:41,368.6,339.0,2.6,1,24-Jan-2017 01:35,24-Jan-2017 07:14
25-Jan-2017 00:21,25-Jan-2017 07:49,448.0,397.0,0.0,1,25-Jan-2017 00:21,25-Jan-2017 06:58
26-Jan-2017 01:07,26-Jan-2017 08:21,433.8,385.0,17.8,1,26-Jan-2017 01:25,26-Jan-2017 07:50
27-Jan-2017 00:59,27-Jan-2017 07:39,400.0,0.0,0.0,0
28-Jan-2017 01:01,28-Jan-2017 08:02,421.0,0.0,0.0,0
29-Jan-2017 01:18,29-Jan-2017 08:29,431.0,415.0,0.0,1,29-Jan-2017 01:18,29-Jan-2017 08:13
30-Jan-2017 00:30,30-Jan-2017 07:45,435.0,356.0,64.0,1,30-Jan-2017 01:34,30-Jan-2017 07:30
31-Jan-2017 00:20,31-Jan-2017 07:30,430.19642136693,416.0,3.0,1,31-Jan-2017 00:23,31-Jan-2017 07:19
01-Feb-2017 00:35,01-Feb-2017 07:31,416.0,362.0,37.0,1,01-Feb-2017 01:12,01-Feb-2017 07:14
02-Feb-2017 00:42,02-Feb-2017 07:34,411.733333333333,368.0,17.7333333333333,1,02-Feb-2017 01:00,02-Feb-2017 07:08
03-Feb-2017 00:41,03-Feb-2017 07:35,413.866666666667,374.0,29.8666666666667,1,03-Feb-2017 01:11,03-Feb-2017 07:25
04-Feb-2017 01:25,04-Feb-2017 08:01,396.0,0.0,0.0,0
05-Feb-2017 01:05,05-Feb-2017 08:44,459.0,419.0,0.0,1,05-Feb-2017 01:05,05-Feb-2017 08:04
06-Feb-2017 00:02,06-Feb-2017 07:30,447.707168616851,384.0,42.4966797997554,1,06-Feb-2017 00:45,06-Feb-2017 07:09
07-Feb-2017 00:56,07-Feb-2017 07:37,401.0,383.0,0.0,1,07-Feb-2017 00:56,07-Feb-2017 07:19
08-Feb-2017 00:30,08-Feb-2017 07:42,432.0,373.0,48.0,1,08-Feb-2017 01:18,08-Feb-2017 07:31
09-Feb-2017 00:49,09-Feb-2017 07:42,412.866666666667,351.0,34.8666666666667,1,09-Feb-2017 01:24,09-Feb-2017 07:15
10-Feb-2017 00:48,10-Feb-2017 07:41,412.4,357.0,34.4,1,10-Feb-2017 01:23,10-Feb-2017 07:20
11-Feb-2017 02:55,11-Feb-2017 07:11,256.0,242.0,0.0,1,11-Feb-2017 02:55,11-Feb-2017 06:57
11-Feb-2017 23:42,12-Feb-2017 07:47,485.0,0.0,0.0,0
12-Feb-2017 23:26,13-Feb-2017 07:21,475.266666666667,400.0,0.0,1,12-Feb-2017 23:26,13-Feb-2017 06:06
13-Feb-2017 07:22,13-Feb-2017 07:30,7.28439931670825,0.0,0.0,0
13-Feb-2017 23:53,14-Feb-2017 07:30,457.217353816827,369.0,0.0,1,13-Feb-2017 23:53,14-Feb-2017 06:02
14-Feb-2017 23:57,15-Feb-2017 07:30,453.347414333622,403.0,0.0,1,14-Feb-2017 23:57,15-Feb-2017 06:40
15-Feb-2017 23:25,16-Feb-2017 07:30,485.33930644989,407.0,0.0,1,15-Feb-2017 23:25,16-Feb-2017 06:12
16-Feb-2017 23:44,17-Feb-2017 07:30,466.2048977832,399.0,0.0,1,16-Feb-2017 23:44,17-Feb-2017 06:23
17-Feb-2017 22:12,18-Feb-2017 03:53,341.0,0.0,0.0,0
19-Feb-2017 00:56,19-Feb-2017 09:29,513.0,481.0,0.0,1,19-Feb-2017 00:56,19-Feb-2017 08:57
20-Feb-2017 00:19,20-Feb-2017 08:30,490.4,460.0,7.4,1,20-Feb-2017 00:27,20-Feb-2017 08:07
21-Feb-2017 00:13,21-Feb-2017 09:15,542.0,463.0,2.0,1,21-Feb-2017 00:15,21-Feb-2017 07:58
21-Feb-2017 23:37,22-Feb-2017 08:46,548.666666666667,454.0,58.6666666666667,1,22-Feb-2017 00:36,22-Feb-2017 08:10
23-Feb-2017 00:12,23-Feb-2017 07:30,437.2,418.0,8.2,1,23-Feb-2017 00:21,23-Feb-2017 07:19
23-Feb-2017 23:13,24-Feb-2017 09:04,590.8,447.0,114.8,1,24-Feb-2017 01:08,24-Feb-2017 08:35
25-Feb-2017 00:15,25-Feb-2017 09:43,568.0,520.0,0.0,1,25-Feb-2017 00:15,25-Feb-2017 08:55
26-Feb-2017 02:16,26-Feb-2017 09:48,452.0,441.0,0.0,1,26-Feb-2017 02:16,26-Feb-2017 09:37
27-Feb-2017 00:40,27-Feb-2017 08:28,468.0,364.0,51.0,1,27-Feb-2017 01:31,27-Feb-2017 07:35
28-Feb-2017 02:11,28-Feb-2017 11:18,547.0,0.0,0.0,0
01-Mar-2017 00:40,01-Mar-2017 08:29,469.0,380.0,76.0,1,01-Mar-2017 01:56,01-Mar-2017 08:16
02-Mar-2017 00:40,02-Mar-2017 09:16,516.0,481.0,27.0,1,02-Mar-2017 01:07,02-Mar-2017 09:08
03-Mar-2017 00:40,03-Mar-2017 09:19,519.0,429.0,70.0,1,03-Mar-2017 01:50,03-Mar-2017 08:59
04-Mar-2017 02:00,04-Mar-2017 11:35,575.0,0.0,0.0,0
05-Mar-2017 02:25,05-Mar-2017 08:27,362.0,349.0,0.0,1,05-Mar-2017 02:25,05-Mar-2017 08:14
06-Mar-2017 01:12,06-Mar-2017 07:47,395.0,358.0,0.0,1,06-Mar-2017 01:12,06-Mar-2017 07:10
07-Mar-2017 00:40,07-Mar-2017 08:50,489.8,417.0,27.8,1,07-Mar-2017 01:08,07-Mar-2017 08:05
08-Mar-2017 00:55,08-Mar-2017 07:30,395.342326283455,0.0,0.0,0
09-Mar-2017 00:49,09-Mar-2017 09:12,502.866666666667,468.0,11.8666666666667,1,09-Mar-2017 01:01,09-Mar-2017 08:49
10-Mar-2017 00:30,10-Mar-2017 08:12,462.0,388.0,44.0,1,10-Mar-2017 01:14,10-Mar-2017 07:42
11-Mar-2017 00:23,11-Mar-2017 07:43,440.0,420.0,0.0,1,11-Mar-2017 00:23,11-Mar-2017 07:23
12-Mar-2017 00:51,12-Mar-2017 08:30,459.0,0.0,0.0,0
13-Mar-2017 00:54,13-Mar-2017 07:44,410.0,0.0,0.0,0
14-Mar-2017 00:23,14-Mar-2017 07:30,427.298637333512,394.0,0.0,1,14-Mar-2017 00:23,14-Mar-2017 06:57
15-Mar-2017 00:37,15-Mar-2017 07:37,420.0,395.0,2.0,1,15-Mar-2017 00:39,15-Mar-2017 07:14
16-Mar-2017 00:36,16-Mar-2017 07:31,414.666666666667,361.0,22.6666666666667,1,16-Mar-2017 00:59,16-Mar-2017 07:00
17-Mar-2017 00:32,17-Mar-2017 07:38,425.933333333333,382.0,27.9333333333333,1,17-Mar-2017 01:00,17-Mar-2017 07:22
18-Mar-2017 00:30,18-Mar-2017 08:40,490.0,490.0,0.0,1,18-Mar-2017 00:30,18-Mar-2017 08:40
19-Mar-2017 00:46,19-Mar-2017 08:40,474.0,443.0,0.0,1,19-Mar-2017 00:46,19-Mar-2017 08:09
20-Mar-2017 00:07,20-Mar-2017 07:36,449.0,449.0,0.0,1,20-Mar-2017 00:07,20-Mar-2017 07:36
21-Mar-2017 00:35,21-Mar-2017 07:35,420.0,408.0,5.0,1,21-Mar-2017 00:40,21-Mar-2017 07:28
21-Mar-2017 20:48,21-Mar-2017 21:08,19.8666666666667,0.0,0.0,0
21-Mar-2017 21:14,21-Mar-2017 21:20,6.06666666666667,0.0,0.0,0
21-Mar-2017 21:35,21-Mar-2017 21:48,12.8,0.0,0.0,0
21-Mar-2017 22:05,21-Mar-2017 22:07,2.93333333333333,0.0,0.0,0
21-Mar-2017 22:20,21-Mar-2017 22:25,4.8,0.0,0.0,0
21-Mar-2017 22:30,21-Mar-2017 23:49,79.0666666666667,0.0,0.0,0
21-Mar-2017 23:59,22-Mar-2017 00:01,2.13333333333333,0.0,0.0,0
22-Mar-2017 00:07,22-Mar-2017 00:18,11.4666666666667,0.0,0.0,0
22-Mar-2017 00:25,22-Mar-2017 07:36,431.0,409.0,4.0,1,22-Mar-2017 00:29,22-Mar-2017 07:18
23-Mar-2017 00:30,23-Mar-2017 07:48,438.605674350262,419.0,14.0,1,23-Mar-2017 00:44,23-Mar-2017 07:43
24-Mar-2017 00:04,24-Mar-2017 07:30,446.297117850184,379.0,0.0,1,24-Mar-2017 00:04,24-Mar-2017 06:23
24-Mar-2017 23:38,25-Mar-2017 08:01,503.0,0.0,0.0,0
25-Mar-2017 23:33,26-Mar-2017 07:36,483.0,0.0,0.0,0
26-Mar-2017 23:17,27-Mar-2017 06:37,440.0,0.0,0.0,0
27-Mar-2017 23:48,28-Mar-2017 07:30,462.160925683379,0.0,0.0,0
29-Mar-2017 00:02,29-Mar-2017 07:50,468.0,0.0,0.0,0
29-Mar-2017 23:34,30-Mar-2017 07:30,476.522514283657,400.0,0.0,1,29-Mar-2017 23:34,30-Mar-2017 06:14
30-Mar-2017 23:06,31-Mar-2017 07:30,504.20110993286,0.0,0.0,0
31-Mar-2017 22:23,01-Apr-2017 03:49,326.0,305.0,8.0,1,31-Mar-2017 22:31,01-Apr-2017 03:36
01-Apr-2017 23:55,02-Apr-2017 08:27,512.0,0.0,0.0,0
02-Apr-2017 23:52,03-Apr-2017 09:20,567.4,490.0,8.4,1,03-Apr-2017 00:01,03-Apr-2017 08:11
04-Apr-2017 00:39,04-Apr-2017 08:21,462.0,0.0,0.0,0
05-Apr-2017 00:21,05-Apr-2017 09:58,576.933333333333,526.0,37.9333333333333,1,05-Apr-2017 00:59,05-Apr-2017 09:45
06-Apr-2017 00:05,06-Apr-2017 09:04,538.533333333333,493.0,17.5333333333333,1,06-Apr-2017 00:23,06-Apr-2017 08:36
06-Apr-2017 23:30,07-Apr-2017 08:28,538.0,426.0,77.0,1,07-Apr-2017 00:47,07-Apr-2017 07:53
08-Apr-2017 01:10,08-Apr-2017 09:36,506.0,0.0,0.0,0
09-Apr-2017 01:06,09-Apr-2017 09:39,513.0,0.0,0.0,0
10-Apr-2017 01:01,10-Apr-2017 09:43,522.0,0.0,0.0,0
11-Apr-2017 00:16,11-Apr-2017 08:25,488.666666666667,439.0,15.6666666666667,1,11-Apr-2017 00:32,11-Apr-2017 07:51
12-Apr-2017 00:13,12-Apr-2017 08:03,469.866666666667,396.0,32.8666666666667,1,12-Apr-2017 00:46,12-Apr-2017 07:22
13-Apr-2017 01:07,13-Apr-2017 09:44,517.0,499.0,0.0,1,13-Apr-2017 01:07,13-Apr-2017 09:26
14-Apr-2017 00:20,14-Apr-2017 10:00,579.489151361585,493.0,75.4891513615847,1,14-Apr-2017 01:36,14-Apr-2017 09:49
15-Apr-2017 00:32,15-Apr-2017 09:49,557.0,0.0,0.0,0
